"","Geo_FIPS","cl.2010","cl.2011","cl.2012","cl.2013","cl.2014","change"
"1",6001400100,1,1,1,1,1,0
"2",6001400200,1,1,1,1,1,0
"3",6001400300,2,2,2,2,2,0
"4",6001400400,2,2,2,2,2,0
"5",6001400500,3,3,2,2,2,1
"6",6001400600,4,4,4,3,3,1
"7",6001400700,4,4,4,4,4,0
"8",6001400800,4,4,4,4,4,0
"9",6001400900,4,4,4,4,4,0
"10",6001401000,4,4,4,4,4,0
"11",6001401100,3,3,3,3,2,1
"12",6001401200,2,2,2,2,2,0
"13",6001401300,5,5,5,5,5,0
"14",6001401400,5,5,5,5,5,0
"15",6001401500,4,4,4,4,4,0
"16",6001401600,5,5,5,5,5,0
"17",6001401700,6,4,4,4,4,1
"18",6001401800,5,5,5,5,5,0
"19",6001402200,5,5,5,5,5,0
"20",6001402400,5,5,5,5,5,0
"21",6001402500,5,5,5,5,5,0
"22",6001402700,5,5,5,5,5,0
"23",6001402800,5,5,5,5,5,0
"24",6001402900,7,7,7,7,7,0
"25",6001403000,7,7,7,7,7,0
"26",6001403100,4,4,4,4,4,0
"27",6001403300,4,4,4,4,4,0
"28",6001403400,3,3,3,3,3,0
"29",6001403501,3,3,3,3,3,0
"30",6001403502,3,3,3,3,3,0
"31",6001403600,3,3,3,3,3,0
"32",6001403701,3,3,3,3,3,0
"33",6001403702,3,3,2,2,2,1
"34",6001403800,2,2,2,2,2,0
"35",6001403900,3,3,3,3,3,0
"36",6001404000,3,3,3,3,3,0
"37",6001404101,2,2,2,2,2,0
"38",6001404102,3,3,3,3,3,0
"39",6001404200,1,1,1,1,1,0
"40",6001404300,1,1,1,1,1,0
"41",6001404400,1,1,1,1,1,0
"42",6001404501,1,1,1,1,1,0
"43",6001404502,1,1,1,1,1,0
"44",6001404600,1,1,1,1,1,0
"45",6001404700,1,1,1,1,1,0
"46",6001404800,3,3,3,3,3,0
"47",6001404900,1,1,1,1,1,0
"48",6001405000,1,1,1,1,1,0
"49",6001405100,1,1,1,1,1,0
"50",6001405200,3,3,3,3,3,0
"51",6001405301,3,3,3,3,3,0
"52",6001405302,4,4,4,4,4,0
"53",6001405401,5,5,5,5,5,0
"54",6001405402,5,5,5,5,5,0
"55",6001405500,5,5,5,5,5,0
"56",6001405600,5,5,5,5,5,0
"57",6001405700,5,4,4,4,4,1
"58",6001405800,6,6,6,6,6,0
"59",6001405901,6,6,6,6,6,0
"60",6001405902,6,6,6,6,6,0
"61",6001406000,5,5,5,5,5,0
"62",6001406100,6,6,6,6,6,0
"63",6001406201,6,6,6,6,6,0
"64",6001406202,6,6,6,6,6,0
"65",6001406300,6,6,6,6,6,0
"66",6001406400,4,4,4,4,4,0
"67",6001406500,6,6,6,6,6,0
"68",6001406601,4,4,4,4,4,0
"69",6001406602,4,4,4,4,4,0
"70",6001406700,1,1,1,1,1,0
"71",6001406800,1,1,1,1,1,0
"72",6001406900,1,1,1,1,1,0
"73",6001407000,6,6,6,6,6,0
"74",6001407101,6,6,6,6,6,0
"75",6001407102,6,6,6,6,6,0
"76",6001407200,6,6,6,6,6,0
"77",6001407300,6,6,6,6,6,0
"78",6001407400,6,6,6,6,6,0
"79",6001407500,5,5,5,5,6,1
"80",6001407600,4,4,4,4,4,0
"81",6001407700,4,4,4,4,4,0
"82",6001407800,4,4,4,4,4,0
"83",6001407900,1,1,1,1,1,0
"84",6001408000,1,1,1,1,1,0
"85",6001408100,1,1,1,1,1,0
"86",6001408200,4,4,4,4,4,0
"87",6001408300,4,4,4,4,4,0
"88",6001408400,6,6,6,6,6,0
"89",6001408500,6,6,6,6,6,0
"90",6001408600,6,6,6,6,6,0
"91",6001408700,4,6,6,6,6,1
"92",6001408800,6,6,6,6,6,0
"93",6001408900,6,6,6,6,6,0
"94",6001409000,6,6,6,6,6,0
"95",6001409100,6,6,6,6,6,0
"96",6001409200,6,6,6,6,6,0
"97",6001409300,6,6,6,6,6,0
"98",6001409400,6,6,6,6,6,0
"99",6001409500,6,6,6,6,6,0
"100",6001409600,6,6,6,6,6,0
"101",6001409700,6,6,6,6,6,0
"102",6001409800,4,4,4,4,4,0
"103",6001409900,1,1,1,1,1,0
"104",6001410000,1,1,1,1,1,0
"105",6001410100,4,4,4,4,4,0
"106",6001410200,4,4,4,4,4,0
"107",6001410300,6,6,6,6,6,0
"108",6001410400,6,6,6,6,6,0
"109",6001410500,5,5,5,5,5,0
"110",6001420100,1,1,1,1,1,0
"111",6001420200,2,2,2,2,2,0
"112",6001420300,8,8,8,8,8,0
"113",6001420500,2,2,2,2,3,1
"114",6001420600,1,1,1,1,1,0
"115",6001421100,1,1,1,1,1,0
"116",6001421200,1,1,1,1,1,0
"117",6001421300,1,1,1,1,1,0
"118",6001421400,1,1,1,1,1,0
"119",6001421500,1,1,1,1,1,0
"120",6001421600,1,1,1,1,1,0
"121",6001421700,2,2,2,2,2,0
"122",6001421800,1,1,1,1,1,0
"123",6001421900,1,1,1,1,1,0
"124",6001422000,4,4,4,4,4,0
"125",6001422100,3,3,3,3,3,0
"126",6001422200,3,3,2,2,2,1
"127",6001422300,2,2,2,2,2,0
"128",6001422400,10,10,10,10,10,0
"129",6001422500,10,10,10,10,10,0
"130",6001422700,10,10,10,10,10,0
"131",6001422800,10,10,10,10,10,0
"132",6001422900,10,10,10,10,10,0
"133",6001423000,2,2,2,2,2,0
"134",6001423100,3,3,3,2,2,1
"135",6001423200,3,3,3,3,3,0
"136",6001423300,4,4,4,4,4,0
"137",6001423400,3,3,3,3,3,0
"138",6001423500,3,2,2,2,2,1
"139",6001423601,2,2,2,2,2,0
"140",6001423602,10,10,10,10,10,0
"141",6001423700,2,2,2,2,2,0
"142",6001423800,1,1,1,1,1,0
"143",6001423901,2,2,2,2,2,0
"144",6001423902,2,2,2,2,2,0
"145",6001424001,3,3,3,3,4,1
"146",6001424002,4,4,4,4,4,0
"147",6001425101,2,2,2,2,2,0
"148",6001425102,12,12,12,12,12,0
"149",6001425103,12,12,12,12,12,0
"150",6001425104,3,3,3,3,3,0
"151",6001426100,1,1,1,1,1,0
"152",6001426200,1,1,1,1,1,0
"153",6001427100,1,1,1,1,1,0
"154",6001427200,3,3,3,3,3,0
"155",6001427300,8,8,8,8,8,0
"156",6001427600,4,4,4,4,4,0
"157",6001427700,3,3,3,3,3,0
"158",6001427800,1,3,3,3,3,1
"159",6001427900,1,1,1,1,1,0
"160",6001428000,4,4,4,4,4,0
"161",6001428100,1,1,1,1,1,0
"162",6001428200,3,3,3,3,3,0
"163",6001428301,14,14,14,14,14,0
"164",6001428400,3,3,3,3,3,0
"165",6001428500,3,3,3,12,12,1
"166",6001428600,8,8,8,8,8,0
"167",6001428700,13,13,13,13,13,0
"168",6001430101,14,14,14,14,14,0
"169",6001430102,1,1,14,14,14,1
"170",6001430200,1,1,1,1,1,0
"171",6001430300,1,1,1,1,1,0
"172",6001430400,1,1,1,1,1,0
"173",6001430500,13,13,13,13,4,1
"174",6001430600,1,1,1,1,1,0
"175",6001430700,1,1,1,1,1,0
"176",6001430800,1,1,1,1,1,0
"177",6001430900,4,4,4,4,4,0
"178",6001431000,6,6,6,6,6,0
"179",6001431100,4,4,4,4,4,0
"180",6001431200,12,12,12,12,4,1
"181",6001432100,1,1,1,1,1,0
"182",6001432200,13,13,13,13,13,0
"183",6001432300,1,1,1,1,1,0
"184",6001432400,4,4,4,4,4,0
"185",6001432501,8,6,6,6,6,1
"186",6001432502,13,13,13,13,13,0
"187",6001432600,4,4,4,4,4,0
"188",6001432700,1,1,1,1,1,0
"189",6001432800,1,1,1,1,1,0
"190",6001433000,1,1,13,1,1,2
"191",6001433102,6,6,6,6,6,0
"192",6001433103,6,6,6,6,6,0
"193",6001433104,4,4,4,4,4,0
"194",6001433200,13,13,13,13,13,0
"195",6001433300,13,13,13,13,13,0
"196",6001433400,13,13,13,13,13,0
"197",6001433500,13,13,13,13,13,0
"198",6001433600,4,13,13,13,13,1
"199",6001433700,6,6,6,6,6,0
"200",6001433800,4,4,4,4,4,0
"201",6001433900,6,6,6,5,5,1
"202",6001434000,6,6,6,6,6,0
"203",6001435102,13,13,13,13,13,0
"204",6001435103,14,14,14,14,14,0
"205",6001435104,6,6,6,6,6,0
"206",6001435200,13,13,13,13,13,0
"207",6001435300,4,4,4,4,4,0
"208",6001435400,4,4,4,4,4,0
"209",6001435500,6,6,6,6,6,0
"210",6001435601,6,6,6,6,6,0
"211",6001435602,6,6,6,4,4,1
"212",6001435700,4,4,4,4,4,0
"213",6001435800,13,13,13,6,6,1
"214",6001436000,13,13,13,13,13,0
"215",6001436100,4,4,4,4,6,1
"216",6001436200,5,5,5,6,6,1
"217",6001436300,6,4,4,4,4,1
"218",6001436401,13,13,13,13,13,0
"219",6001436402,1,1,1,1,1,0
"220",6001436500,4,4,4,4,4,0
"221",6001436601,6,6,6,6,6,0
"222",6001436602,6,6,6,6,6,0
"223",6001436700,6,6,6,6,6,0
"224",6001436800,4,4,4,4,4,0
"225",6001436900,6,6,6,6,6,0
"226",6001437000,6,13,13,13,13,1
"227",6001437101,13,14,14,14,14,1
"228",6001437102,13,13,13,13,13,0
"229",6001437200,13,13,13,13,13,0
"230",6001437300,4,4,4,4,4,0
"231",6001437500,6,6,6,6,6,0
"232",6001437600,4,4,4,4,4,0
"233",6001437701,6,6,6,6,6,0
"234",6001437702,6,6,6,6,6,0
"235",6001437800,6,6,6,6,6,0
"236",6001437900,4,4,4,4,4,0
"237",6001438000,1,1,1,13,13,1
"238",6001438100,1,1,1,1,1,0
"239",6001438201,4,4,4,4,4,0
"240",6001438203,13,13,13,13,13,0
"241",6001438204,12,12,12,12,12,0
"242",6001438300,6,6,6,6,6,0
"243",6001438400,6,6,6,1,1,1
"244",6001440100,13,13,13,12,12,1
"245",6001440200,6,6,6,6,6,0
"246",6001440301,1,13,13,13,13,1
"247",6001440304,14,14,14,14,14,0
"248",6001440306,14,14,14,14,14,0
"249",6001440307,12,12,12,12,12,0
"250",6001440308,12,12,12,12,12,0
"251",6001440331,13,13,13,13,13,0
"252",6001440333,14,14,14,14,14,0
"253",6001440334,14,14,14,14,14,0
"254",6001440335,14,14,14,14,14,0
"255",6001440336,13,13,13,13,13,0
"256",6001441100,1,1,1,1,1,0
"257",6001441200,1,1,1,1,1,0
"258",6001441301,14,14,14,14,14,0
"259",6001441302,14,14,14,14,14,0
"260",6001441402,14,14,14,14,14,0
"261",6001441501,14,14,14,14,14,0
"262",6001441503,14,14,14,14,14,0
"263",6001441521,14,14,14,14,14,0
"264",6001441522,14,14,14,14,14,0
"265",6001441523,14,14,14,14,14,0
"266",6001441524,14,14,14,14,14,0
"267",6001441601,1,1,1,1,1,0
"268",6001441602,13,13,13,13,13,0
"269",6001441700,13,13,12,12,12,1
"270",6001441800,13,13,14,14,14,1
"271",6001441921,12,12,12,12,12,0
"272",6001441923,12,12,12,12,12,0
"273",6001441924,14,14,14,14,14,0
"274",6001441925,9,9,9,9,9,0
"275",6001441926,12,12,4,4,4,1
"276",6001441927,12,12,12,12,12,0
"277",6001442000,14,14,14,14,14,0
"278",6001442100,14,14,14,14,14,0
"279",6001442200,14,14,14,14,14,0
"280",6001442301,1,1,1,1,1,0
"281",6001442302,12,12,12,12,12,0
"282",6001442400,1,1,1,1,1,0
"283",6001442500,1,13,13,13,13,1
"284",6001442601,1,1,1,1,1,0
"285",6001442602,1,1,1,1,1,0
"286",6001442700,1,1,1,1,1,0
"287",6001442800,13,13,13,1,1,1
"288",6001442900,1,1,1,1,1,0
"289",6001443001,13,13,6,6,6,1
"290",6001443002,1,1,1,1,1,0
"291",6001443102,14,14,14,14,14,0
"292",6001443103,14,14,14,14,14,0
"293",6001443104,14,14,14,14,14,0
"294",6001443105,14,14,14,14,14,0
"295",6001443200,14,14,14,14,14,0
"296",6001443301,14,14,14,14,14,0
"297",6001443321,14,14,14,14,14,0
"298",6001443322,14,14,14,14,14,0
"299",6001444100,1,1,1,13,13,1
"300",6001444200,1,1,1,1,1,0
"301",6001444301,1,1,1,1,1,0
"302",6001444302,6,6,6,6,6,0
"303",6001444400,6,6,6,6,6,0
"304",6001444500,6,6,6,6,6,0
"305",6001444601,1,13,13,13,1,2
"306",6001444602,14,14,14,14,14,0
"307",6001450101,13,13,13,13,13,0
"308",6001450102,13,13,13,13,13,0
"309",6001450200,12,12,12,12,12,0
"310",6001450300,1,1,1,1,1,0
"311",6001450400,1,1,1,1,1,0
"312",6001450501,1,1,1,1,1,0
"313",6001450502,1,1,1,1,1,0
"314",6001450601,1,1,1,14,14,1
"315",6001450602,14,14,14,14,1,1
"316",6001450603,1,1,1,1,1,0
"317",6001450604,1,1,1,1,1,0
"318",6001450605,1,1,1,1,1,0
"319",6001450606,1,1,1,1,1,0
"320",6001450607,12,12,12,12,12,0
"321",6001450701,1,1,1,1,1,0
"322",6001450741,1,1,1,1,1,0
"323",6001450742,1,1,1,1,1,0
"324",6001450743,12,12,12,12,12,0
"325",6001450744,1,1,1,1,1,0
"326",6001450745,14,14,14,14,14,0
"327",6001450746,1,1,1,1,1,0
"328",6001451101,1,1,1,1,1,0
"329",6001451102,1,1,1,1,1,0
"330",6001451201,1,1,1,1,1,0
"331",6001451202,1,1,1,1,1,0
"332",6001451300,1,1,1,1,1,0
"333",6001451401,1,13,13,13,13,1
"334",6001451403,13,1,1,1,1,1
"335",6001451404,6,6,6,6,6,0
"336",6001451501,1,1,1,1,1,0
"337",6001451503,1,1,1,1,1,0
"338",6001451504,1,1,1,1,1,0
"339",6001451505,1,1,1,1,1,0
"340",6001451506,13,13,13,13,13,0
"341",6001451601,1,1,1,1,1,0
"342",6001451602,1,1,1,1,1,0
"343",6001451703,1,1,1,1,1,0
"344",6001451704,1,1,1,1,1,0
"345",6013301000,1,1,1,1,1,0
"346",6013302005,13,13,13,13,13,0
"347",6013302006,13,13,13,13,13,0
"348",6013302007,13,13,13,13,13,0
"349",6013302008,13,13,13,13,13,0
"350",6013302009,13,13,13,13,13,0
"351",6013302010,13,13,13,13,13,0
"352",6013303102,13,13,13,13,13,0
"353",6013303103,13,13,13,13,13,0
"354",6013303201,13,13,13,13,13,0
"355",6013303202,1,1,1,1,1,0
"356",6013303203,13,13,13,13,13,0
"357",6013303204,13,13,13,13,4,1
"358",6013303205,1,1,1,1,1,0
"359",6013304002,1,1,1,13,13,1
"360",6013304003,1,1,1,1,1,0
"361",6013304004,1,1,1,1,1,0
"362",6013304005,1,1,1,1,1,0
"363",6013305000,4,4,4,4,4,0
"364",6013306002,13,13,13,13,13,0
"365",6013306003,4,4,4,4,4,0
"366",6013306004,13,13,13,13,13,0
"367",6013307101,13,13,13,13,13,0
"368",6013307102,6,6,6,6,6,0
"369",6013307201,6,6,6,6,6,0
"370",6013307202,5,5,5,5,5,0
"371",6013307204,13,13,13,13,13,0
"372",6013307205,4,4,4,4,4,0
"373",6013308001,13,13,13,13,13,0
"374",6013308002,13,13,13,13,13,0
"375",6013309000,4,4,4,4,4,0
"376",6013310000,6,6,6,6,6,0
"377",6013311000,6,6,6,6,6,0
"378",6013312000,6,6,6,6,6,0
"379",6013313101,4,4,4,4,4,0
"380",6013313102,4,4,4,4,13,1
"381",6013313103,13,13,13,13,13,0
"382",6013313203,13,13,13,13,13,0
"383",6013313204,13,4,4,4,4,1
"384",6013313206,6,6,6,6,6,0
"385",6013314102,4,4,4,4,4,0
"386",6013314103,6,6,6,6,6,0
"387",6013314104,6,6,6,6,6,0
"388",6013314200,6,6,6,6,6,0
"389",6013315000,13,13,13,1,1,1
"390",6013316000,5,5,5,5,5,0
"391",6013317000,1,1,1,1,1,0
"392",6013318000,1,1,1,1,1,0
"393",6013319000,13,13,13,1,1,1
"394",6013320001,13,13,13,13,13,0
"395",6013320003,1,1,1,1,1,0
"396",6013320004,1,1,1,1,1,0
"397",6013321101,1,1,1,1,1,0
"398",6013321102,1,1,1,1,1,0
"399",6013321103,1,1,1,1,1,0
"400",6013321200,12,12,12,12,12,0
"401",6013322000,1,1,1,1,1,0
"402",6013323000,1,1,1,1,1,0
"403",6013324001,4,4,4,4,4,0
"404",6013324002,12,12,12,12,12,0
"405",6013325000,1,1,1,1,1,0
"406",6013326000,1,1,1,1,1,0
"407",6013327000,13,13,13,13,13,0
"408",6013328000,4,4,4,4,4,0
"409",6013329000,1,1,1,1,1,0
"410",6013330000,13,1,1,1,1,1
"411",6013331000,13,13,13,13,13,0
"412",6013332000,1,1,1,1,1,0
"413",6013333101,1,1,1,13,13,1
"414",6013333102,1,1,1,1,1,0
"415",6013333200,1,1,1,1,1,0
"416",6013334001,13,13,13,13,13,0
"417",6013334004,12,12,12,12,12,0
"418",6013334200,1,1,1,1,1,0
"419",6013335000,1,1,1,1,1,0
"420",6013336101,6,6,6,6,6,0
"421",6013336102,6,6,6,6,6,0
"422",6013336201,6,6,6,6,6,0
"423",6013336202,6,6,6,6,6,0
"424",6013337100,1,1,1,1,1,0
"425",6013337200,13,13,13,13,13,0
"426",6013337300,1,1,1,1,1,0
"427",6013338101,6,6,6,6,6,0
"428",6013338102,1,1,1,1,1,0
"429",6013338201,1,1,1,1,1,0
"430",6013338203,12,12,12,12,12,0
"431",6013338301,1,1,1,1,1,0
"432",6013338302,1,1,1,1,1,0
"433",6013339001,4,4,4,4,4,0
"434",6013339002,4,4,4,4,4,0
"435",6013340001,1,1,1,1,1,0
"436",6013340002,1,1,1,1,1,0
"437",6013341000,1,1,1,1,1,0
"438",6013343001,1,1,1,1,1,0
"439",6013343002,1,1,1,1,1,0
"440",6013343003,1,1,1,1,1,0
"441",6013345101,1,1,1,1,1,0
"442",6013345102,1,1,1,1,1,0
"443",6013345103,1,1,1,1,1,0
"444",6013345105,1,1,1,1,1,0
"445",6013345108,14,14,14,14,14,0
"446",6013345111,14,14,14,14,14,0
"447",6013345112,14,14,14,14,14,0
"448",6013345113,1,1,1,1,1,0
"449",6013345114,1,1,1,1,1,0
"450",6013345115,1,1,1,1,1,0
"451",6013345116,1,1,1,1,1,0
"452",6013345202,14,14,14,14,14,0
"453",6013345203,1,1,1,1,1,0
"454",6013345204,1,1,1,1,1,0
"455",6013346101,1,1,1,1,1,0
"456",6013346102,1,1,1,1,1,0
"457",6013346201,1,1,1,1,1,0
"458",6013346203,1,1,1,1,1,0
"459",6013346204,1,1,1,1,1,0
"460",6013347000,1,1,1,1,1,0
"461",6013348000,1,1,1,1,1,0
"462",6013349000,1,1,1,1,1,0
"463",6013350000,1,1,1,1,1,0
"464",6013351101,1,1,1,1,1,0
"465",6013351102,1,1,1,1,1,0
"466",6013351103,1,1,1,1,1,0
"467",6013351200,1,1,1,1,1,0
"468",6013352101,1,1,1,1,1,0
"469",6013352102,1,1,1,1,1,0
"470",6013352201,1,1,1,1,1,0
"471",6013352202,1,1,1,1,1,0
"472",6013353001,1,1,1,1,1,0
"473",6013353002,1,1,1,1,1,0
"474",6013354001,1,1,1,1,1,0
"475",6013354002,1,1,1,1,1,0
"476",6013355107,13,13,13,13,13,0
"477",6013355108,13,13,13,13,13,0
"478",6013355109,13,13,13,13,13,0
"479",6013355110,13,13,13,13,13,0
"480",6013355111,13,13,13,13,13,0
"481",6013355112,1,1,1,1,1,0
"482",6013355113,14,14,14,14,14,0
"483",6013355114,14,14,14,14,14,0
"484",6013355115,13,13,13,13,13,0
"485",6013355200,13,13,13,13,13,0
"486",6013355301,1,1,1,1,1,0
"487",6013355302,1,1,1,1,1,0
"488",6013355304,1,1,1,1,1,0
"489",6013355306,1,1,1,1,1,0
"490",6013356001,1,1,1,1,1,0
"491",6013356002,14,14,14,14,14,0
"492",6013357000,1,1,1,1,1,0
"493",6013358000,4,4,4,4,4,0
"494",6013359102,13,4,13,13,13,2
"495",6013359103,13,13,13,13,13,0
"496",6013359104,13,13,13,13,13,0
"497",6013359105,13,13,13,13,13,0
"498",6013359202,1,1,1,1,1,0
"499",6013359203,13,13,13,13,13,0
"500",6013359204,14,14,14,14,14,0
"501",6013360101,1,1,1,1,1,0
"502",6013360102,14,14,14,14,14,0
"503",6013360200,13,13,13,13,13,0
"504",6013361000,13,13,13,13,1,1
"505",6013362000,1,1,1,13,13,1
"506",6013363000,13,13,13,13,13,0
"507",6013364002,13,4,4,4,4,1
"508",6013365002,6,6,6,6,6,0
"509",6013365003,13,13,13,13,13,0
"510",6013366001,4,4,4,4,4,0
"511",6013366002,6,6,6,6,6,0
"512",6013367100,4,4,4,4,4,0
"513",6013367200,4,4,4,4,4,0
"514",6013368001,6,6,6,6,6,0
"515",6013368002,6,6,6,6,6,0
"516",6013369001,6,6,6,6,6,0
"517",6013369002,13,13,13,13,13,0
"518",6013370000,1,1,1,1,1,0
"519",6013371000,4,4,4,4,4,0
"520",6013372000,6,6,6,6,6,0
"521",6013373000,6,6,6,6,6,0
"522",6013374000,4,4,4,4,4,0
"523",6013375000,6,6,6,6,6,0
"524",6013376000,6,6,6,6,6,0
"525",6013377000,6,6,6,6,6,0
"526",6013378000,1,1,1,1,1,0
"527",6013379000,6,6,6,6,6,0
"528",6013380000,4,4,4,4,4,0
"529",6013381000,4,4,4,4,4,0
"530",6013382000,4,4,4,4,4,0
"531",6013383000,3,8,8,8,8,1
"532",6013384000,1,1,1,1,1,0
"533",6013385100,1,1,1,1,1,0
"534",6013385200,1,1,1,1,1,0
"535",6013386000,4,4,4,4,4,0
"536",6013387000,3,3,3,3,3,0
"537",6013388000,3,3,3,3,3,0
"538",6013389100,3,3,3,3,3,0
"539",6013389200,4,4,4,4,4,0
"540",6013390100,1,1,1,1,1,0
"541",6013390200,1,1,1,1,1,0
"542",6013391000,1,1,1,1,1,0
"543",6013392000,1,1,1,1,1,0
"544",6013392200,6,6,6,6,6,0
"545",6041101100,1,1,1,1,1,0
"546",6041101200,1,1,1,1,1,0
"547",6041102100,1,1,1,1,1,0
"548",6041102202,1,1,1,1,1,0
"549",6041102203,6,6,6,6,6,0
"550",6041103100,1,1,1,1,1,0
"551",6041103200,1,1,1,1,1,0
"552",6041104101,1,1,1,1,1,0
"553",6041104102,12,12,12,12,12,0
"554",6041104200,1,1,1,1,1,0
"555",6041104300,1,1,1,1,1,0
"556",6041105000,1,1,1,1,1,0
"557",6041106001,12,12,12,12,12,0
"558",6041106002,1,1,1,1,1,0
"559",6041107000,1,1,1,1,1,0
"560",6041108100,1,1,1,1,1,0
"561",6041108200,1,1,1,1,1,0
"562",6041109001,1,1,1,1,1,0
"563",6041109002,1,1,1,1,1,0
"564",6041110100,1,1,1,1,1,0
"565",6041110200,1,1,1,1,1,0
"566",6041111000,1,1,1,1,1,0
"567",6041112100,13,13,13,13,13,0
"568",6041112201,6,6,6,6,6,0
"569",6041112202,6,6,6,6,6,0
"570",6041113000,1,1,1,1,1,0
"571",6041114100,1,1,1,1,1,0
"572",6041114200,1,1,1,1,1,0
"573",6041115000,1,1,1,1,1,0
"574",6041116000,1,1,1,1,1,0
"575",6041117000,1,1,1,1,1,0
"576",6041118100,1,1,1,1,1,0
"577",6041119100,1,1,1,1,1,0
"578",6041119201,12,12,12,12,12,0
"579",6041119202,1,1,1,1,1,0
"580",6041120000,1,1,1,1,1,0
"581",6041121100,1,1,1,1,1,0
"582",6041121200,1,1,1,1,1,0
"583",6041123000,1,1,1,1,1,0
"584",6041124100,1,1,1,1,1,0
"585",6041124200,1,1,1,1,1,0
"586",6041125000,2,2,2,2,2,0
"587",6041126100,1,1,1,1,1,0
"588",6041126200,1,1,1,1,1,0
"589",6041127000,1,1,1,1,1,0
"590",6041128100,1,1,1,1,1,0
"591",6041128200,1,1,1,1,1,0
"592",6041129000,4,4,4,4,4,0
"593",6041130201,2,2,2,2,2,0
"594",6041130202,2,2,2,2,2,0
"595",6041132100,1,1,1,1,1,0
"596",6041132200,1,1,1,1,1,0
"597",6041133000,1,1,1,1,1,0
"598",6055200201,13,13,13,13,13,0
"599",6055200202,4,4,4,4,4,0
"600",6055200203,13,13,13,13,13,0
"601",6055200301,13,13,4,4,4,1
"602",6055200302,13,1,1,1,1,1
"603",6055200400,1,1,1,1,1,0
"604",6055200501,6,6,6,6,6,0
"605",6055200503,4,6,6,6,6,1
"606",6055200504,4,4,4,4,4,0
"607",6055200505,4,4,4,4,4,0
"608",6055200601,13,13,13,13,13,0
"609",6055200602,13,13,13,13,13,0
"610",6055200703,1,1,1,1,1,0
"611",6055200704,13,13,13,13,13,0
"612",6055200705,13,13,13,4,4,1
"613",6055200706,1,1,1,1,1,0
"614",6055200707,13,13,13,13,13,0
"615",6055200802,13,13,13,13,13,0
"616",6055200803,1,1,1,1,1,0
"617",6055200804,6,6,6,6,6,0
"618",6055201003,14,14,14,14,14,0
"619",6055201004,13,13,13,13,13,0
"620",6055201005,13,13,13,13,13,0
"621",6055201006,13,13,13,13,13,0
"622",6055201007,1,13,13,13,13,1
"623",6055201101,1,1,1,1,1,0
"624",6055201102,1,1,1,1,1,0
"625",6055201200,1,1,1,1,1,0
"626",6055201300,1,1,1,1,1,0
"627",6055201401,1,1,1,1,1,0
"628",6055201402,1,1,1,1,1,0
"629",6055201500,1,1,1,1,1,0
"630",6055201601,13,13,13,13,13,0
"631",6055201602,1,1,1,1,1,0
"632",6055201700,1,1,1,1,1,0
"633",6055201800,1,1,1,1,1,0
"634",6055202000,4,4,13,13,13,1
"635",6075010100,3,3,3,3,3,0
"636",6075010200,2,2,2,2,2,0
"637",6075010300,3,3,3,3,3,0
"638",6075010400,3,3,3,3,3,0
"639",6075010500,2,2,2,2,2,0
"640",6075010600,7,7,7,7,7,0
"641",6075010700,7,7,7,7,7,0
"642",6075010800,3,3,3,3,3,0
"643",6075010900,3,3,3,3,3,0
"644",6075011000,3,3,3,3,3,0
"645",6075011100,3,3,3,3,3,0
"646",6075011200,3,3,3,3,3,0
"647",6075011300,7,7,7,7,7,0
"648",6075011700,3,3,3,3,3,0
"649",6075011800,7,7,7,7,7,0
"650",6075011901,3,3,3,3,3,0
"651",6075011902,3,3,3,3,3,0
"652",6075012000,3,3,3,3,3,0
"653",6075012100,3,3,3,3,3,0
"654",6075012201,3,3,3,3,3,0
"655",6075012202,7,7,7,7,3,1
"656",6075012301,7,7,7,7,7,0
"657",6075012302,3,3,3,3,3,0
"658",6075012401,7,7,7,7,7,0
"659",6075012402,3,3,3,3,3,0
"660",6075012501,7,7,7,7,7,0
"661",6075012502,7,7,7,7,7,0
"662",6075012601,2,2,2,2,2,0
"663",6075012602,2,2,2,2,2,0
"664",6075012700,2,2,2,2,2,0
"665",6075012800,2,2,2,2,2,0
"666",6075012901,2,2,2,2,2,0
"667",6075012902,2,2,2,2,2,0
"668",6075013000,2,2,2,2,2,0
"669",6075013101,2,2,2,2,2,0
"670",6075013102,2,2,2,2,2,0
"671",6075013200,2,2,2,2,2,0
"672",6075013300,2,2,2,2,2,0
"673",6075013400,2,2,2,2,2,0
"674",6075013500,2,2,2,2,2,0
"675",6075015100,2,2,2,2,2,0
"676",6075015200,3,3,3,3,3,0
"677",6075015300,2,2,2,2,2,0
"678",6075015400,2,2,2,3,3,1
"679",6075015500,3,3,3,3,3,0
"680",6075015600,2,2,3,3,8,2
"681",6075015700,2,2,2,2,2,0
"682",6075015801,3,3,3,3,3,0
"683",6075015802,3,3,3,2,2,1
"684",6075015900,3,3,3,3,3,0
"685",6075016000,3,3,3,3,3,0
"686",6075016100,4,4,4,4,4,0
"687",6075016200,3,3,3,3,3,0
"688",6075016300,3,3,3,3,3,0
"689",6075016400,3,3,3,3,3,0
"690",6075016500,2,2,2,2,2,0
"691",6075016600,2,3,3,3,3,1
"692",6075016700,2,2,2,2,2,0
"693",6075016801,2,2,2,2,3,1
"694",6075016802,3,3,3,3,3,0
"695",6075016900,2,2,2,2,2,0
"696",6075017000,2,2,2,2,2,0
"697",6075017101,2,2,2,2,2,0
"698",6075017102,2,2,2,2,2,0
"699",6075017601,3,3,3,4,4,1
"700",6075017700,3,3,3,3,3,0
"701",6075017801,7,7,7,7,7,0
"702",6075017802,12,12,12,3,3,1
"703",6075017902,5,5,5,5,5,0
"704",6075018000,12,12,12,12,12,0
"705",6075020100,3,3,3,3,3,0
"706",6075020200,3,3,3,3,3,0
"707",6075020300,2,2,2,2,2,0
"708",6075020401,2,2,2,2,2,0
"709",6075020402,2,2,2,2,2,0
"710",6075020500,2,2,2,2,2,0
"711",6075020600,2,2,2,2,2,0
"712",6075020700,2,2,2,2,2,0
"713",6075020800,3,3,3,3,3,0
"714",6075020900,3,3,3,3,3,0
"715",6075021000,2,2,2,2,2,0
"716",6075021100,2,2,2,2,2,0
"717",6075021200,2,2,2,2,2,0
"718",6075021300,2,2,2,2,2,0
"719",6075021400,2,2,2,2,2,0
"720",6075021500,2,2,2,2,2,0
"721",6075021600,2,2,2,2,2,0
"722",6075021700,2,2,2,2,2,0
"723",6075021800,2,2,2,2,2,0
"724",6075022600,12,12,12,12,12,0
"725",6075022702,2,2,2,2,2,0
"726",6075022704,2,2,2,2,2,0
"727",6075022801,3,3,3,3,3,0
"728",6075022802,3,3,3,3,3,0
"729",6075022803,3,3,3,3,3,0
"730",6075022901,3,3,3,3,3,0
"731",6075022902,3,3,3,3,3,0
"732",6075022903,3,3,3,3,8,1
"733",6075023001,8,6,6,6,6,1
"734",6075023003,8,8,8,8,8,0
"735",6075023102,5,5,5,5,5,0
"736",6075023103,5,5,5,5,5,0
"737",6075023200,6,6,6,6,6,0
"738",6075023300,13,13,13,13,13,0
"739",6075023400,6,6,6,6,6,0
"740",6075025100,3,3,3,3,3,0
"741",6075025200,3,3,3,3,3,0
"742",6075025300,3,3,3,3,3,0
"743",6075025401,3,3,3,8,8,1
"744",6075025402,3,3,3,3,3,0
"745",6075025403,8,8,8,8,8,0
"746",6075025500,8,8,8,8,8,0
"747",6075025600,8,8,8,8,8,0
"748",6075025701,8,8,8,8,8,0
"749",6075025702,8,8,8,8,8,0
"750",6075025800,8,8,8,8,8,0
"751",6075025900,1,1,1,1,1,0
"752",6075026001,8,8,8,8,8,0
"753",6075026002,8,8,8,8,8,0
"754",6075026003,8,8,8,8,8,0
"755",6075026004,8,8,8,8,8,0
"756",6075026100,8,8,8,8,8,0
"757",6075026200,8,8,8,8,8,0
"758",6075026301,8,8,8,8,8,0
"759",6075026302,8,8,8,8,8,0
"760",6075026303,8,8,8,8,8,0
"761",6075026401,6,6,6,6,6,0
"762",6075026402,8,8,8,8,8,0
"763",6075026403,6,6,6,6,6,0
"764",6075026404,6,6,6,6,6,0
"765",6075030101,2,2,2,2,2,0
"766",6075030102,2,2,2,2,2,0
"767",6075030201,8,8,8,8,8,0
"768",6075030202,2,2,2,2,2,0
"769",6075030301,2,2,2,2,2,0
"770",6075030302,1,1,1,1,1,0
"771",6075030400,1,1,1,1,1,0
"772",6075030600,1,1,1,1,1,0
"773",6075030700,1,1,1,1,1,0
"774",6075030800,1,1,1,1,1,0
"775",6075030900,1,1,1,1,1,0
"776",6075031000,1,1,1,1,1,0
"777",6075031100,1,1,3,3,3,1
"778",6075031201,8,8,8,8,8,0
"779",6075031202,8,8,8,8,8,0
"780",6075031301,8,8,8,8,8,0
"781",6075031302,8,8,8,8,8,0
"782",6075031400,8,8,8,8,8,0
"783",6075032601,8,8,8,8,8,0
"784",6075032602,8,8,8,8,8,0
"785",6075032700,8,8,8,8,8,0
"786",6075032801,8,8,8,8,8,0
"787",6075032802,8,8,8,8,8,0
"788",6075032901,8,8,8,8,8,0
"789",6075032902,8,8,8,8,8,0
"790",6075033000,8,8,8,8,8,0
"791",6075033100,1,8,8,8,8,1
"792",6075033201,10,10,10,10,10,0
"793",6075033203,10,10,10,10,10,0
"794",6075033204,10,10,10,10,10,0
"795",6075035100,8,8,8,8,8,0
"796",6075035201,8,8,8,8,8,0
"797",6075035202,8,8,8,8,8,0
"798",6075035300,8,8,8,8,8,0
"799",6075035400,8,8,8,8,8,0
"800",6075040100,3,3,3,3,3,0
"801",6075040200,8,8,8,8,8,0
"802",6075042601,8,8,8,8,8,0
"803",6075042602,8,8,8,8,8,0
"804",6075042700,8,8,8,8,8,0
"805",6075042800,1,1,1,1,1,0
"806",6075045100,8,3,3,3,3,1
"807",6075045200,8,8,8,8,8,0
"808",6075047600,8,8,8,8,8,0
"809",6075047701,8,8,8,8,8,0
"810",6075047702,8,8,8,8,8,0
"811",6075047801,8,8,8,8,8,0
"812",6075047802,8,8,8,8,8,0
"813",6075047901,3,3,3,8,8,1
"814",6075047902,8,8,8,8,8,0
"815",6075060100,2,2,2,2,2,0
"816",6075060400,4,4,4,4,4,0
"817",6075060502,6,6,6,6,6,0
"818",6075060700,12,12,12,12,12,0
"819",6075061000,13,13,13,13,13,0
"820",6075061100,7,7,7,7,7,0
"821",6075061200,6,6,6,6,6,0
"822",6075061400,3,3,3,3,3,0
"823",6075061500,12,12,12,12,12,0
"824",6081600100,1,1,1,1,1,0
"825",6081600200,8,8,13,13,13,1
"826",6081600300,14,14,14,14,14,0
"827",6081600401,13,13,13,13,14,1
"828",6081600402,8,8,8,8,8,0
"829",6081600500,13,13,14,14,14,1
"830",6081600600,8,8,8,8,8,0
"831",6081600700,8,8,8,8,8,0
"832",6081600800,4,4,4,4,4,0
"833",6081600900,8,8,8,8,1,1
"834",6081601000,14,14,14,14,14,0
"835",6081601200,1,1,1,1,1,0
"836",6081601300,4,4,4,4,4,0
"837",6081601400,14,14,14,14,14,0
"838",6081601501,14,14,14,14,14,0
"839",6081601502,4,4,4,4,4,0
"840",6081601601,12,12,12,12,12,0
"841",6081601603,14,14,14,14,14,0
"842",6081601605,14,14,14,14,14,0
"843",6081601700,1,1,1,1,1,0
"844",6081601800,1,1,1,1,1,0
"845",6081601901,1,1,1,1,1,0
"846",6081601902,12,12,12,12,12,0
"847",6081602000,1,1,1,1,14,1
"848",6081602100,6,6,6,6,6,0
"849",6081602200,6,6,6,6,6,0
"850",6081602300,13,13,13,13,6,1
"851",6081602400,1,1,1,1,1,0
"852",6081602500,14,14,14,14,14,0
"853",6081602700,13,13,1,1,1,1
"854",6081602800,14,14,14,14,14,0
"855",6081602900,1,1,1,1,1,0
"856",6081603000,1,1,1,1,1,0
"857",6081603100,1,1,1,1,1,0
"858",6081603200,1,1,1,1,1,0
"859",6081603300,1,1,1,1,1,0
"860",6081603400,1,1,1,1,1,0
"861",6081603700,1,1,1,1,1,0
"862",6081603801,12,12,12,12,12,0
"863",6081603802,1,1,1,1,1,0
"864",6081603900,1,1,1,1,1,0
"865",6081604000,1,1,1,1,1,0
"866",6081604101,6,6,6,6,6,0
"867",6081604102,4,4,4,4,4,0
"868",6081604200,6,6,6,6,6,0
"869",6081604400,6,6,1,1,1,1
"870",6081604500,1,1,1,1,1,0
"871",6081604600,1,1,1,1,1,0
"872",6081604700,1,1,1,1,1,0
"873",6081604800,1,1,1,1,1,0
"874",6081604900,1,1,1,1,1,0
"875",6081605000,1,14,14,14,14,1
"876",6081605100,1,1,1,1,1,0
"877",6081605200,1,1,1,1,1,0
"878",6081605300,1,1,1,1,1,0
"879",6081605400,1,1,1,1,1,0
"880",6081605500,2,2,2,2,2,0
"881",6081605600,1,1,1,1,1,0
"882",6081605700,1,1,1,1,1,0
"883",6081605800,1,1,1,1,1,0
"884",6081605900,12,12,12,12,12,0
"885",6081606000,12,12,12,12,12,0
"886",6081606100,1,1,1,1,13,1
"887",6081606200,6,6,6,6,6,0
"888",6081606300,1,12,12,12,12,1
"889",6081606400,2,2,2,2,1,1
"890",6081606500,1,1,1,1,1,0
"891",6081606600,1,1,1,1,1,0
"892",6081606700,1,1,1,1,1,0
"893",6081606800,1,1,1,1,1,0
"894",6081606900,1,1,1,1,1,0
"895",6081607000,1,1,1,1,1,0
"896",6081607100,1,1,1,1,1,0
"897",6081607200,3,3,1,1,1,1
"898",6081607300,1,1,1,1,1,0
"899",6081607400,1,1,1,1,1,0
"900",6081607500,12,12,13,13,13,1
"901",6081607600,1,1,1,1,1,0
"902",6081607701,13,13,6,6,6,1
"903",6081607702,13,13,13,13,13,0
"904",6081607800,1,1,1,1,1,0
"905",6081607900,1,1,1,2,2,1
"906",6081608001,14,14,14,14,14,0
"907",6081608004,14,14,14,14,14,0
"908",6081608013,14,14,14,14,14,0
"909",6081608023,14,14,14,14,14,0
"910",6081608100,14,14,14,14,14,0
"911",6081608200,14,14,14,14,14,0
"912",6081608300,14,14,14,14,14,0
"913",6081608400,1,12,12,12,12,1
"914",6081608501,1,1,1,1,1,0
"915",6081608502,12,12,1,1,1,1
"916",6081608600,1,1,1,1,1,0
"917",6081608700,1,1,1,1,1,0
"918",6081608800,1,1,1,1,1,0
"919",6081608900,1,1,1,1,1,0
"920",6081609000,1,1,1,1,1,0
"921",6081609100,1,1,1,1,1,0
"922",6081609201,1,1,1,1,1,0
"923",6081609202,12,12,12,12,12,0
"924",6081609300,1,1,1,1,1,0
"925",6081609400,1,1,1,1,1,0
"926",6081609500,1,1,1,1,1,0
"927",6081609601,1,1,1,1,1,0
"928",6081609602,1,1,1,1,1,0
"929",6081609603,1,1,1,1,1,0
"930",6081609700,1,1,1,1,1,0
"931",6081609800,1,1,1,1,1,0
"932",6081609900,1,1,1,1,1,0
"933",6081610000,1,1,1,1,1,0
"934",6081610100,6,6,6,6,6,0
"935",6081610201,6,6,6,6,6,0
"936",6081610202,4,4,4,4,4,0
"937",6081610203,6,6,6,6,6,0
"938",6081610302,12,12,12,12,12,0
"939",6081610303,14,14,14,14,14,0
"940",6081610304,13,13,13,13,13,0
"941",6081610400,6,6,6,6,6,0
"942",6081610500,6,6,6,6,6,0
"943",6081610601,6,6,6,6,6,0
"944",6081610602,1,1,1,1,1,0
"945",6081610700,13,6,6,6,12,2
"946",6081610800,6,6,6,6,6,0
"947",6081610900,6,6,6,6,6,0
"948",6081611000,13,12,12,1,1,2
"949",6081611100,1,1,1,1,1,0
"950",6081611300,1,1,1,1,1,0
"951",6081611400,1,1,1,1,1,0
"952",6081611500,1,1,1,1,1,0
"953",6081611600,1,1,1,1,1,0
"954",6081611700,6,6,6,6,6,0
"955",6081611800,6,6,6,6,6,0
"956",6081611900,4,4,4,4,4,0
"957",6081612000,6,6,6,6,6,0
"958",6081612100,6,6,6,6,6,0
"959",6081612500,2,2,2,2,2,0
"960",6081612600,2,2,2,2,2,0
"961",6081612700,1,1,1,1,1,0
"962",6081612800,1,1,1,1,1,0
"963",6081612900,1,1,1,1,1,0
"964",6081613000,1,1,1,1,1,0
"965",6081613200,1,1,1,1,1,0
"966",6081613300,1,1,1,1,1,0
"967",6081613400,1,1,1,1,1,0
"968",6081613501,1,1,1,1,1,0
"969",6081613502,1,1,1,1,1,0
"970",6081613600,1,1,1,1,1,0
"971",6081613700,1,1,1,1,1,0
"972",6081613800,1,1,1,1,1,0
"973",6081613900,2,2,2,2,2,0
"974",6081614000,1,14,14,14,14,1
"975",6085500100,6,6,6,6,6,0
"976",6085500200,4,4,4,4,4,0
"977",6085500300,12,12,12,12,12,0
"978",6085500400,13,13,13,13,13,0
"979",6085500500,1,1,1,1,1,0
"980",6085500600,13,13,13,13,1,1
"981",6085500800,4,4,4,4,4,0
"982",6085500901,4,4,4,4,4,0
"983",6085500902,5,5,5,5,5,0
"984",6085501000,6,6,6,6,6,0
"985",6085501101,4,4,4,4,4,0
"986",6085501102,13,13,13,13,13,0
"987",6085501200,6,6,6,6,6,0
"988",6085501300,3,3,3,3,3,0
"989",6085501401,6,6,6,6,6,0
"990",6085501402,6,6,6,6,6,0
"991",6085501501,6,6,6,6,6,0
"992",6085501502,6,6,6,6,6,0
"993",6085501600,6,6,6,6,6,0
"994",6085501700,6,6,6,6,6,0
"995",6085501800,13,13,13,13,13,0
"996",6085501900,4,4,4,4,4,0
"997",6085502001,6,6,6,6,4,1
"998",6085502002,6,6,6,6,6,0
"999",6085502101,1,1,1,1,1,0
"1000",6085502102,6,6,6,6,6,0
"1001",6085502201,12,12,12,12,12,0
"1002",6085502202,12,12,12,1,1,1
"1003",6085502301,1,1,1,1,1,0
"1004",6085502302,1,1,1,1,1,0
"1005",6085502400,1,1,1,1,1,0
"1006",6085502500,1,1,1,1,1,0
"1007",6085502601,1,1,1,1,1,0
"1008",6085502603,1,1,1,1,1,0
"1009",6085502604,12,12,4,4,4,1
"1010",6085502701,1,1,1,1,1,0
"1011",6085502702,1,1,1,1,1,0
"1012",6085502800,1,1,1,1,1,0
"1013",6085502901,1,1,1,1,1,0
"1014",6085502902,1,1,1,1,1,0
"1015",6085502903,1,1,1,1,1,0
"1016",6085502906,1,1,1,1,1,0
"1017",6085502907,1,1,1,1,1,0
"1018",6085502908,1,1,1,1,1,0
"1019",6085502909,1,1,1,12,12,1
"1020",6085502910,12,12,12,12,12,0
"1021",6085503001,1,1,1,1,1,0
"1022",6085503002,1,1,1,1,1,0
"1023",6085503003,1,1,1,1,1,0
"1024",6085503105,6,13,13,13,13,1
"1025",6085503108,12,12,12,12,12,0
"1026",6085503110,6,6,6,6,6,0
"1027",6085503111,6,6,6,6,6,0
"1028",6085503112,6,6,6,6,6,0
"1029",6085503113,6,6,6,6,6,0
"1030",6085503115,13,13,13,13,13,0
"1031",6085503116,13,13,13,13,13,0
"1032",6085503117,6,6,6,6,6,0
"1033",6085503118,6,6,6,6,6,0
"1034",6085503121,4,4,4,4,6,1
"1035",6085503122,13,13,13,13,13,0
"1036",6085503123,5,5,5,5,6,1
"1037",6085503204,6,6,13,13,13,1
"1038",6085503208,6,6,6,6,6,0
"1039",6085503210,6,6,6,6,6,0
"1040",6085503211,13,6,6,6,6,1
"1041",6085503212,13,13,13,13,13,0
"1042",6085503213,13,13,13,13,13,0
"1043",6085503214,6,6,6,6,6,0
"1044",6085503217,6,6,6,6,6,0
"1045",6085503218,6,6,6,6,6,0
"1046",6085503304,13,13,13,13,13,0
"1047",6085503305,13,13,13,13,13,0
"1048",6085503306,6,6,6,6,6,0
"1049",6085503312,1,1,1,1,1,0
"1050",6085503313,14,14,14,14,14,0
"1051",6085503315,13,13,13,13,13,0
"1052",6085503321,14,14,14,14,14,0
"1053",6085503322,1,1,1,1,13,1
"1054",6085503323,13,13,13,13,13,0
"1055",6085503324,13,14,14,14,14,1
"1056",6085503325,13,13,13,13,13,0
"1057",6085503326,14,14,14,14,14,0
"1058",6085503327,13,13,13,13,13,0
"1059",6085503329,14,14,14,14,14,0
"1060",6085503330,14,14,14,14,14,0
"1061",6085503331,13,13,13,13,13,0
"1062",6085503332,1,1,1,1,1,0
"1063",6085503333,13,13,13,14,14,1
"1064",6085503334,14,14,14,14,14,0
"1065",6085503336,13,13,13,13,13,0
"1066",6085503337,13,13,13,13,13,0
"1067",6085503401,6,6,6,6,6,0
"1068",6085503402,6,6,6,6,6,0
"1069",6085503504,6,6,6,6,6,0
"1070",6085503506,6,6,6,6,6,0
"1071",6085503507,6,6,6,6,6,0
"1072",6085503508,6,6,6,6,6,0
"1073",6085503509,6,6,6,6,6,0
"1074",6085503510,6,6,6,6,6,0
"1075",6085503511,13,13,13,13,13,0
"1076",6085503601,6,6,6,6,6,0
"1077",6085503602,6,6,6,6,6,0
"1078",6085503703,6,6,6,6,6,0
"1079",6085503707,13,13,13,13,13,0
"1080",6085503708,13,13,13,13,13,0
"1081",6085503709,6,6,6,6,6,0
"1082",6085503710,6,6,6,6,6,0
"1083",6085503711,6,6,6,6,6,0
"1084",6085503712,6,6,6,6,6,0
"1085",6085503713,6,6,6,6,6,0
"1086",6085503802,6,6,6,6,6,0
"1087",6085503803,14,14,14,14,14,0
"1088",6085503804,12,12,13,13,13,1
"1089",6085503902,6,6,6,6,6,0
"1090",6085503903,6,6,6,6,6,0
"1091",6085504001,6,6,6,6,6,0
"1092",6085504002,6,6,6,6,6,0
"1093",6085504101,6,6,6,6,6,0
"1094",6085504102,6,6,6,6,6,0
"1095",6085504201,1,1,1,1,1,0
"1096",6085504202,13,13,13,13,13,0
"1097",6085504307,14,14,14,14,14,0
"1098",6085504308,14,14,14,14,14,0
"1099",6085504311,14,14,14,14,14,0
"1100",6085504314,14,14,14,14,13,1
"1101",6085504316,13,13,13,13,13,0
"1102",6085504318,13,13,13,13,13,0
"1103",6085504319,14,14,14,14,14,0
"1104",6085504320,14,14,14,14,14,0
"1105",6085504321,13,13,13,14,14,1
"1106",6085504322,14,14,14,14,14,0
"1107",6085504323,13,13,14,14,14,1
"1108",6085504410,13,13,13,13,13,0
"1109",6085504411,14,14,14,13,13,1
"1110",6085504412,13,13,13,13,13,0
"1111",6085504413,14,14,14,14,14,0
"1112",6085504414,14,14,14,14,14,0
"1113",6085504415,14,14,14,14,14,0
"1114",6085504416,14,14,14,14,14,0
"1115",6085504418,13,13,13,13,13,0
"1116",6085504420,14,14,14,14,14,0
"1117",6085504421,14,14,14,14,14,0
"1118",6085504422,14,14,14,13,13,1
"1119",6085504423,14,1,1,1,1,1
"1120",6085504504,13,13,13,13,13,0
"1121",6085504505,14,14,14,14,14,0
"1122",6085504506,14,14,14,14,14,0
"1123",6085504507,1,14,14,14,14,1
"1124",6085504602,6,6,6,6,6,0
"1125",6085504802,12,12,12,12,12,0
"1126",6085504803,12,12,14,14,14,1
"1127",6085504805,12,12,12,12,12,0
"1128",6085504806,1,1,1,1,1,0
"1129",6085504901,9,9,9,9,9,0
"1130",6085505001,14,14,14,14,14,0
"1131",6085505007,1,1,1,1,1,0
"1132",6085505009,12,12,12,12,12,0
"1133",6085505100,12,12,12,12,12,0
"1134",6085505202,6,6,6,6,6,0
"1135",6085505203,12,12,12,12,12,0
"1136",6085505301,1,1,1,1,1,0
"1137",6085505302,1,1,1,1,1,0
"1138",6085505303,12,12,12,12,12,0
"1139",6085505304,1,1,1,1,1,0
"1140",6085505305,1,1,1,1,1,0
"1141",6085505401,12,12,12,12,12,0
"1142",6085505402,1,1,1,1,1,0
"1143",6085505403,12,12,12,12,12,0
"1144",6085505500,1,1,1,1,1,0
"1145",6085505600,12,4,4,4,4,1
"1146",6085505700,12,12,12,12,12,0
"1147",6085505800,1,1,1,1,1,0
"1148",6085505900,12,12,12,12,1,1
"1149",6085506000,1,1,1,1,1,0
"1150",6085506101,1,1,1,1,1,0
"1151",6085506102,1,1,1,1,1,0
"1152",6085506103,14,14,14,14,14,0
"1153",6085506202,1,14,14,14,14,1
"1154",6085506203,12,12,12,12,12,0
"1155",6085506204,1,1,1,1,1,0
"1156",6085506301,12,12,12,12,12,0
"1157",6085506302,1,1,1,1,1,0
"1158",6085506304,12,12,12,12,12,0
"1159",6085506305,12,12,12,6,6,1
"1160",6085506401,12,12,12,12,12,0
"1161",6085506402,12,12,12,12,12,0
"1162",6085506501,6,6,6,6,6,0
"1163",6085506502,12,12,12,12,12,0
"1164",6085506503,12,12,12,12,12,0
"1165",6085506601,1,1,1,1,1,0
"1166",6085506603,1,1,1,1,1,0
"1167",6085506604,1,14,14,14,14,1
"1168",6085506605,1,12,12,12,12,1
"1169",6085506606,1,1,1,1,1,0
"1170",6085506701,1,1,1,1,1,0
"1171",6085506702,1,1,1,1,1,0
"1172",6085506703,1,1,1,1,1,0
"1173",6085506801,1,1,1,1,1,0
"1174",6085506802,1,1,1,1,1,0
"1175",6085506803,1,1,1,1,1,0
"1176",6085506804,1,1,1,1,1,0
"1177",6085506900,1,1,1,1,1,0
"1178",6085507001,1,1,1,1,1,0
"1179",6085507002,1,1,1,1,1,0
"1180",6085507100,2,2,2,2,2,0
"1181",6085507203,1,1,1,1,1,0
"1182",6085507205,1,1,1,1,1,0
"1183",6085507206,1,1,1,1,1,0
"1184",6085507301,1,1,1,1,1,0
"1185",6085507302,1,1,1,1,1,0
"1186",6085507401,14,14,14,14,14,0
"1187",6085507402,1,1,1,1,1,0
"1188",6085507500,14,14,14,14,14,0
"1189",6085507600,1,1,1,1,1,0
"1190",6085507701,14,14,14,14,14,0
"1191",6085507702,14,14,14,14,14,0
"1192",6085507703,14,14,14,14,14,0
"1193",6085507805,14,14,14,14,14,0
"1194",6085507806,14,14,14,14,14,0
"1195",6085507807,14,14,14,14,14,0
"1196",6085507808,14,14,14,14,14,0
"1197",6085507903,14,14,14,14,14,0
"1198",6085507904,14,14,14,14,14,0
"1199",6085507905,14,14,14,14,14,0
"1200",6085507906,14,14,14,14,14,0
"1201",6085508001,14,14,14,14,14,0
"1202",6085508003,14,14,14,14,14,0
"1203",6085508004,14,14,14,14,14,0
"1204",6085508101,14,14,14,14,14,0
"1205",6085508102,14,14,14,14,14,0
"1206",6085508202,1,1,1,14,14,1
"1207",6085508203,14,14,14,14,14,0
"1208",6085508204,14,14,14,14,14,0
"1209",6085508301,1,1,1,1,1,0
"1210",6085508303,1,1,1,1,1,0
"1211",6085508304,12,12,12,12,12,0
"1212",6085508401,1,1,1,1,1,0
"1213",6085508403,1,1,1,1,1,0
"1214",6085508404,14,14,14,14,14,0
"1215",6085508503,12,12,12,12,12,0
"1216",6085508504,12,12,12,12,12,0
"1217",6085508505,14,14,14,14,14,0
"1218",6085508507,12,12,12,12,12,0
"1219",6085508508,12,1,1,1,1,1
"1220",6085508601,1,1,1,1,1,0
"1221",6085508602,1,1,1,1,1,0
"1222",6085508703,12,12,12,12,12,0
"1223",6085508704,12,12,12,12,12,0
"1224",6085508800,12,12,12,12,12,0
"1225",6085508900,6,6,6,6,6,0
"1226",6085509000,12,12,12,12,12,0
"1227",6085509102,12,12,9,9,9,1
"1228",6085509105,12,12,12,12,12,0
"1229",6085509106,12,1,1,1,1,1
"1230",6085509107,12,12,12,12,12,0
"1231",6085509108,12,12,12,12,12,0
"1232",6085509109,2,2,2,2,2,0
"1233",6085509201,1,1,1,1,2,1
"1234",6085509202,1,1,1,14,14,1
"1235",6085509302,1,1,1,1,1,0
"1236",6085509303,12,12,12,12,12,0
"1237",6085509304,12,12,12,12,12,0
"1238",6085509401,2,2,2,2,2,0
"1239",6085509403,4,4,4,4,4,0
"1240",6085509404,12,12,12,12,12,0
"1241",6085509500,12,12,12,12,12,0
"1242",6085509600,2,2,2,2,2,0
"1243",6085509700,1,1,2,2,2,1
"1244",6085509801,2,2,2,2,2,0
"1245",6085509802,1,1,1,1,1,0
"1246",6085509901,1,1,1,1,1,0
"1247",6085509902,1,1,1,1,1,0
"1248",6085510001,1,1,1,1,1,0
"1249",6085510002,1,1,1,1,1,0
"1250",6085510100,1,1,1,1,1,0
"1251",6085510200,1,1,1,1,1,0
"1252",6085510300,1,1,1,1,1,0
"1253",6085510400,1,1,1,1,1,0
"1254",6085510500,1,1,1,1,1,0
"1255",6085510600,2,2,2,2,2,0
"1256",6085510700,2,2,2,2,2,0
"1257",6085510801,1,1,1,1,1,0
"1258",6085510802,2,1,1,1,1,1
"1259",6085510803,2,2,2,2,2,0
"1260",6085510900,2,2,2,2,2,0
"1261",6085511000,2,2,2,2,2,0
"1262",6085511100,1,1,1,1,1,0
"1263",6085511200,1,1,1,1,1,0
"1264",6085511301,2,2,2,2,2,0
"1265",6085511302,2,2,2,2,2,0
"1266",6085511400,1,1,1,1,1,0
"1267",6085511500,2,2,2,2,2,0
"1268",6085511608,10,15,15,15,10,2
"1269",6085511609,2,2,2,2,2,0
"1270",6085511701,1,1,1,1,1,0
"1271",6085511702,1,1,1,1,1,0
"1272",6085511704,1,1,1,1,1,0
"1273",6085511707,1,1,1,1,1,0
"1274",6085511800,1,1,1,1,1,0
"1275",6085511905,1,14,14,14,14,1
"1276",6085511907,14,14,14,14,14,0
"1277",6085511909,14,14,14,14,14,0
"1278",6085511910,1,1,1,1,1,0
"1279",6085511911,13,13,13,13,13,0
"1280",6085511912,1,1,14,14,14,1
"1281",6085511913,1,1,1,1,1,0
"1282",6085511915,6,6,6,6,6,0
"1283",6085511916,13,13,13,1,1,1
"1284",6085512001,14,14,14,14,14,0
"1285",6085512005,13,13,13,13,13,0
"1286",6085512017,13,6,6,6,6,1
"1287",6085512019,1,13,13,13,13,1
"1288",6085512020,12,12,12,12,12,0
"1289",6085512021,13,13,13,13,13,0
"1290",6085512022,6,6,6,6,6,0
"1291",6085512023,6,6,6,4,4,1
"1292",6085512024,13,13,13,13,13,0
"1293",6085512026,13,13,13,13,13,0
"1294",6085512027,13,13,13,13,13,0
"1295",6085512029,13,13,1,1,1,1
"1296",6085512030,1,1,1,1,1,0
"1297",6085512031,1,1,1,13,13,1
"1298",6085512033,13,13,13,13,13,0
"1299",6085512034,1,1,1,1,1,0
"1300",6085512035,13,13,13,13,13,0
"1301",6085512037,13,13,13,13,13,0
"1302",6085512038,12,12,12,12,12,0
"1303",6085512039,1,1,1,1,1,0
"1304",6085512042,13,6,6,6,6,1
"1305",6085512043,6,6,6,6,6,0
"1306",6085512045,13,1,1,1,13,2
"1307",6085512047,13,1,1,1,1,1
"1308",6085512052,12,12,12,12,12,0
"1309",6085512053,1,1,1,1,1,0
"1310",6085512100,1,1,13,13,13,1
"1311",6085512200,1,1,1,1,1,0
"1312",6085512305,1,1,13,13,13,1
"1313",6085512307,1,1,1,1,1,0
"1314",6085512308,1,1,1,1,1,0
"1315",6085512309,1,1,1,1,1,0
"1316",6085512310,13,13,13,13,13,0
"1317",6085512311,13,13,13,13,13,0
"1318",6085512312,1,1,1,1,1,0
"1319",6085512313,13,13,13,13,13,0
"1320",6085512314,4,4,4,4,4,0
"1321",6085512401,13,13,1,1,1,1
"1322",6085512402,13,13,13,13,13,0
"1323",6085512503,1,1,1,1,1,0
"1324",6085512505,13,13,13,13,13,0
"1325",6085512506,4,4,4,4,4,0
"1326",6085512508,4,4,4,4,4,0
"1327",6085512509,13,13,13,13,13,0
"1328",6085512510,13,13,13,13,13,0
"1329",6085512602,6,6,6,6,6,0
"1330",6085512603,6,6,6,6,6,0
"1331",6085512604,6,6,6,6,6,0
"1332",6085513000,10,10,10,10,10,0
"1333",6095250103,13,13,13,13,13,0
"1334",6095250104,13,13,13,13,13,0
"1335",6095250105,14,14,14,14,14,0
"1336",6095250106,13,13,13,13,13,0
"1337",6095250200,4,4,4,6,6,1
"1338",6095250300,4,4,4,4,4,0
"1339",6095250400,4,4,4,4,4,0
"1340",6095250501,13,13,13,13,13,0
"1341",6095250502,1,1,1,13,13,1
"1342",6095250601,4,4,4,4,4,0
"1343",6095250604,14,13,13,14,14,2
"1344",6095250605,14,14,14,14,13,1
"1345",6095250701,4,4,6,6,6,1
"1346",6095250801,4,4,4,4,4,0
"1347",6095250900,5,5,5,5,5,0
"1348",6095251000,4,4,4,4,4,0
"1349",6095251100,6,6,6,6,6,0
"1350",6095251200,4,4,4,6,6,1
"1351",6095251300,13,13,13,13,13,0
"1352",6095251400,13,13,13,13,13,0
"1353",6095251500,6,6,6,6,6,0
"1354",6095251600,6,5,5,5,5,1
"1355",6095251701,4,4,4,4,4,0
"1356",6095251702,13,13,13,13,13,0
"1357",6095251802,5,5,5,5,5,0
"1358",6095251803,4,4,4,4,4,0
"1359",6095251804,13,13,13,13,13,0
"1360",6095251901,4,4,4,4,4,0
"1361",6095251902,4,4,4,4,4,0
"1362",6095251903,13,13,13,13,13,0
"1363",6095252000,1,1,1,1,1,0
"1364",6095252102,1,1,1,13,13,1
"1365",6095252103,13,13,13,13,13,0
"1366",6095252104,14,14,14,14,14,0
"1367",6095252106,1,1,1,1,1,0
"1368",6095252107,1,1,1,1,1,0
"1369",6095252108,1,1,1,1,1,0
"1370",6095252201,14,14,14,14,14,0
"1371",6095252202,13,13,13,13,13,0
"1372",6095252305,1,1,1,1,1,0
"1373",6095252306,13,13,13,13,13,0
"1374",6095252310,1,1,1,1,1,0
"1375",6095252311,14,14,14,14,14,0
"1376",6095252312,1,13,13,13,13,1
"1377",6095252313,13,13,13,13,13,0
"1378",6095252314,13,13,13,13,13,0
"1379",6095252315,13,13,13,13,13,0
"1380",6095252316,13,13,13,13,13,0
"1381",6095252317,13,13,13,13,13,0
"1382",6095252401,6,6,6,6,6,0
"1383",6095252402,4,4,4,4,4,0
"1384",6095252501,6,6,6,6,6,0
"1385",6095252502,4,4,4,4,4,0
"1386",6095252604,4,4,6,6,6,1
"1387",6095252605,6,6,6,6,6,0
"1388",6095252606,6,6,6,6,6,0
"1389",6095252607,6,6,6,6,6,0
"1390",6095252608,4,4,4,4,4,0
"1391",6095252610,13,13,13,13,13,0
"1392",6095252611,4,4,4,4,4,0
"1393",6095252702,13,13,13,13,13,0
"1394",6095252703,13,13,13,13,13,0
"1395",6095252704,13,4,4,4,4,1
"1396",6095252705,13,13,13,13,13,0
"1397",6095252706,13,13,13,13,13,0
"1398",6095252707,4,4,4,4,4,0
"1399",6095252801,15,15,15,15,15,0
"1400",6095252903,1,1,1,1,1,0
"1401",6095252904,13,13,1,1,1,1
"1402",6095252908,13,13,13,13,13,0
"1403",6095252909,1,1,1,1,1,0
"1404",6095252910,13,13,13,1,1,1
"1405",6095252911,1,1,1,1,1,0
"1406",6095252912,1,1,1,1,1,0
"1407",6095252913,1,1,1,1,1,0
"1408",6095252914,13,13,13,13,13,0
"1409",6095252915,13,13,13,13,13,0
"1410",6095253101,1,1,1,1,1,0
"1411",6095253105,4,4,4,4,4,0
"1412",6095253106,13,13,13,13,13,0
"1413",6095253107,13,13,13,13,13,0
"1414",6095253108,13,13,13,13,13,0
"1415",6095253201,1,1,1,1,1,0
"1416",6095253203,4,4,4,4,4,0
"1417",6095253204,13,13,13,13,13,0
"1418",6095253205,13,13,13,13,13,0
"1419",6095253206,1,1,1,1,1,0
"1420",6095253300,13,13,13,13,13,0
"1421",6095253402,4,4,4,4,4,0
"1422",6095253403,13,13,13,13,13,0
"1423",6095253404,13,13,13,13,13,0
"1424",6095253500,13,13,13,13,13,0
"1425",6097150100,1,1,1,1,1,0
"1426",6097150202,1,1,1,1,1,0
"1427",6097150203,1,1,1,1,1,0
"1428",6097150204,1,1,1,1,1,0
"1429",6097150303,1,1,1,1,1,0
"1430",6097150304,4,4,4,4,4,0
"1431",6097150305,4,6,6,6,6,1
"1432",6097150306,1,1,1,1,1,0
"1433",6097150500,1,1,1,1,1,0
"1434",6097150601,13,13,13,13,13,0
"1435",6097150602,13,13,13,13,13,0
"1436",6097150603,13,13,13,13,13,0
"1437",6097150607,1,1,1,1,1,0
"1438",6097150609,13,13,13,13,13,0
"1439",6097150610,1,1,1,1,1,0
"1440",6097150611,13,13,13,13,13,0
"1441",6097150612,1,1,1,1,1,0
"1442",6097150701,13,13,13,13,13,0
"1443",6097150702,1,1,1,1,1,0
"1444",6097150800,1,1,1,1,1,0
"1445",6097150901,4,4,4,4,4,0
"1446",6097150902,1,1,1,1,1,0
"1447",6097151000,1,1,1,1,1,0
"1448",6097151100,1,1,1,1,1,0
"1449",6097151201,13,13,13,13,13,0
"1450",6097151203,13,13,13,13,13,0
"1451",6097151204,13,13,13,13,13,0
"1452",6097151301,4,4,4,4,4,0
"1453",6097151305,4,4,4,4,4,0
"1454",6097151306,13,13,12,12,12,1
"1455",6097151307,1,1,1,13,13,1
"1456",6097151308,13,12,12,12,12,1
"1457",6097151309,1,13,13,13,13,1
"1458",6097151310,12,12,12,12,12,0
"1459",6097151311,13,13,13,13,13,0
"1460",6097151401,13,13,13,13,13,0
"1461",6097151402,4,4,4,4,4,0
"1462",6097151502,13,13,1,1,1,1
"1463",6097151503,1,1,1,1,1,0
"1464",6097151504,1,1,1,1,1,0
"1465",6097151601,1,1,1,1,1,0
"1466",6097151602,1,1,1,1,1,0
"1467",6097151700,13,13,13,13,1,1
"1468",6097151800,1,1,1,1,1,0
"1469",6097151900,4,4,4,4,4,0
"1470",6097152000,5,5,5,5,5,0
"1471",6097152100,4,4,4,4,4,0
"1472",6097152201,4,4,4,4,4,0
"1473",6097152202,13,13,13,13,13,0
"1474",6097152203,1,1,1,1,1,0
"1475",6097152300,1,1,1,1,1,0
"1476",6097152400,1,1,1,1,1,0
"1477",6097152501,13,13,13,13,13,0
"1478",6097152502,13,13,13,13,13,0
"1479",6097152600,1,1,1,1,1,0
"1480",6097152701,1,1,1,1,1,0
"1481",6097152702,13,13,13,13,13,0
"1482",6097152801,13,13,13,13,13,0
"1483",6097152802,4,4,4,4,4,0
"1484",6097152903,4,4,4,6,6,1
"1485",6097152904,13,13,13,13,13,0
"1486",6097152905,13,13,13,13,13,0
"1487",6097152906,1,1,1,13,13,1
"1488",6097153001,4,4,4,4,4,0
"1489",6097153002,4,4,6,6,6,1
"1490",6097153003,4,4,4,4,4,0
"1491",6097153005,13,13,13,13,13,0
"1492",6097153006,13,13,13,13,13,0
"1493",6097153102,6,6,6,6,6,0
"1494",6097153103,6,6,6,6,6,0
"1495",6097153104,6,6,6,6,6,0
"1496",6097153200,13,13,13,13,13,0
"1497",6097153300,13,13,13,13,13,0
"1498",6097153401,1,1,1,1,1,0
"1499",6097153403,1,1,1,1,1,0
"1500",6097153404,1,1,1,1,1,0
"1501",6097153501,1,1,1,1,1,0
"1502",6097153502,1,1,1,1,1,0
"1503",6097153600,1,1,1,1,1,0
"1504",6097153703,1,1,1,1,1,0
"1505",6097153704,1,1,1,1,1,0
"1506",6097153705,1,1,1,1,1,0
"1507",6097153706,1,1,1,1,1,0
"1508",6097153801,13,13,13,13,13,0
"1509",6097153804,1,1,1,1,1,0
"1510",6097153806,13,13,13,13,13,0
"1511",6097153807,1,1,1,1,1,0
"1512",6097153808,13,13,13,13,13,0
"1513",6097153809,13,13,13,13,13,0
"1514",6097153901,13,13,13,13,13,0
"1515",6097153902,4,4,4,4,4,0
"1516",6097153903,1,1,1,1,1,0
"1517",6097154000,1,1,1,1,1,0
"1518",6097154100,13,13,13,13,13,0
"1519",6097154201,13,13,13,13,13,0
"1520",6097154202,13,13,13,13,13,0
"1521",6097154302,1,1,1,1,1,0
"1522",6097154303,1,1,1,1,1,0
"1523",6097154304,1,1,1,1,1,0
