"","Geo_FIPS","cl2000","cl2010","cl2014","change"
"1",6001400100,1,1,1,0
"2",6001400100,1,1,1,0
"3",6001400100,1,1,1,0
"4",6001400200,0,3,1,2
"5",6001400200,1,3,1,2
"6",6001400300,0,3,2,2
"7",6001400400,0,3,2,2
"8",6001400500,2,3,3,1
"9",6001400600,2,3,3,1
"10",6001400700,2,3,3,1
"11",6001400800,2,3,3,1
"12",6001400900,2,3,3,1
"13",6001401000,2,3,3,1
"14",6001401100,2,3,3,1
"15",6001401200,2,3,2,2
"16",6001401300,3,7,4,2
"17",6001401400,0,3,3,1
"18",6001401400,3,3,3,0
"19",6001401500,0,3,3,1
"20",6001401600,0,3,3,1
"21",6001401700,0,3,5,2
"22",6001401800,0,3,3,1
"23",6001402200,0,3,3,1
"24",6001402400,0,3,6,2
"25",6001402500,0,3,6,2
"26",6001402700,0,3,3,1
"27",6001402700,0,3,3,1
"28",6001402700,3,3,3,0
"29",6001402800,0,3,4,2
"30",6001402800,3,3,4,1
"31",6001402900,3,7,4,2
"32",6001403000,2,7,7,1
"33",6001403100,3,7,4,2
"34",6001403300,2,7,5,2
"35",6001403400,6,5,4,2
"36",6001403600,6,5,5,1
"37",6001403800,0,3,2,2
"38",6001403900,6,5,5,1
"39",6001404000,6,5,5,1
"40",6001404200,1,1,1,0
"41",6001404300,1,1,1,0
"42",6001404400,1,1,1,0
"43",6001404501,1,1,1,0
"44",6001404501,1,1,1,0
"45",6001404502,1,1,1,0
"46",6001404600,1,1,1,0
"47",6001404700,1,3,1,2
"48",6001404800,0,3,2,2
"49",6001404900,0,4,2,2
"50",6001405000,0,3,1,2
"51",6001405000,6,3,1,2
"52",6001405000,0,3,1,2
"53",6001405100,1,1,1,0
"54",6001405200,6,4,2,2
"55",6001405500,2,7,8,2
"56",6001405600,2,7,3,2
"57",6001405700,2,7,3,2
"58",6001405800,2,4,8,2
"59",6001405800,2,4,8,2
"60",6001406000,0,4,4,1
"61",6001406000,2,4,4,1
"62",6001406100,0,7,9,2
"63",6001406201,0,8,8,1
"64",6001406202,0,8,6,2
"65",6001406300,2,4,8,2
"66",6001406400,0,3,3,1
"67",6001406500,2,4,8,2
"68",6001406700,0,3,10,2
"69",6001406800,0,3,10,2
"70",6001406900,0,3,3,1
"71",6001407000,2,4,8,2
"72",6001407200,0,8,6,2
"73",6001407300,0,4,9,2
"74",6001407400,0,8,6,2
"75",6001407500,0,3,6,2
"76",6001407600,0,3,3,1
"77",6001407700,2,3,3,1
"78",6001407800,2,3,3,1
"79",6001407900,0,3,10,2
"80",6001407900,0,3,10,2
"81",6001408000,1,3,10,2
"82",6001408100,0,3,10,2
"83",6001408200,2,3,3,1
"84",6001408300,2,3,3,1
"85",6001408400,0,3,6,2
"86",6001408500,0,3,6,2
"87",6001408500,0,3,6,2
"88",6001408600,0,3,6,2
"89",6001408700,0,3,6,2
"90",6001408800,0,3,6,2
"91",6001408900,0,3,6,2
"92",6001408900,0,3,6,2
"93",6001408900,0,3,6,2
"94",6001409000,0,3,6,2
"95",6001409000,0,3,6,2
"96",6001409100,0,3,6,2
"97",6001409200,0,3,6,2
"98",6001409200,0,3,6,2
"99",6001409300,0,3,6,2
"100",6001409300,0,3,6,2
"101",6001409400,0,8,6,2
"102",6001409500,0,8,6,2
"103",6001409600,0,3,6,2
"104",6001409700,0,3,6,2
"105",6001409800,2,3,3,1
"106",6001409900,0,3,3,1
"107",6001410000,0,3,3,1
"108",6001410000,0,3,3,1
"109",6001410000,0,3,3,1
"110",6001410100,0,3,3,1
"111",6001410200,0,3,6,2
"112",6001410300,0,3,6,2
"113",6001410400,0,3,6,2
"114",6001420100,1,3,1,2
"115",6001420200,0,3,2,2
"116",6001420300,0,4,2,2
"117",6001420500,0,3,2,2
"118",6001420600,1,3,1,2
"119",6001421100,1,1,1,0
"120",6001421200,1,1,1,0
"121",6001421200,1,1,1,0
"122",6001421300,1,3,1,2
"123",6001421400,1,3,1,2
"124",6001421500,1,3,1,2
"125",6001421600,1,3,1,2
"126",6001421600,1,3,1,2
"127",6001421700,0,3,5,2
"128",6001421800,1,3,1,2
"129",6001421900,0,3,1,2
"130",6001422000,2,3,5,2
"131",6001422100,2,4,2,2
"132",6001422200,2,4,5,2
"133",6001422300,0,3,5,2
"134",6001422400,2,12,11,2
"135",6001422500,2,3,5,2
"136",6001422700,2,12,4,2
"137",6001422800,3,12,4,2
"138",6001422900,2,12,11,2
"139",6001423000,0,3,5,2
"140",6001423100,2,4,2,2
"141",6001423200,2,3,3,1
"142",6001423300,2,3,3,1
"143",6001423400,2,4,2,2
"144",6001423500,2,3,3,1
"145",6001423601,0,3,5,2
"146",6001423602,2,12,11,2
"147",6001423700,0,3,5,2
"148",6001423800,1,1,1,0
"149",6001423901,2,3,2,2
"150",6001423902,0,3,2,2
"151",6001424001,2,3,3,1
"152",6001424002,2,3,3,1
"153",6001426100,1,1,1,0
"154",6001426200,1,1,1,0
"155",6001427100,0,3,1,2
"156",6001427200,2,4,2,2
"157",6001427300,0,5,12,2
"158",6001427600,2,7,4,2
"159",6001427700,0,4,2,2
"160",6001427800,0,4,2,2
"161",6001427900,0,4,2,2
"162",6001428000,6,7,5,2
"163",6001428100,0,4,10,2
"164",6001428200,0,4,10,2
"165",6001428301,0,10,13,2
"166",6001428302,0,12,13,2
"167",6001428400,6,5,2,2
"168",6001428500,0,5,5,1
"169",6001428600,0,5,5,1
"170",6001430200,0,3,10,2
"171",6001430200,0,3,10,2
"172",6001430300,0,3,10,2
"173",6001430400,0,3,10,2
"174",6001430400,0,3,10,2
"175",6001430500,0,12,12,1
"176",6001430500,0,12,12,1
"177",6001430600,0,12,10,2
"178",6001430700,0,3,14,2
"179",6001430700,0,3,14,2
"180",6001430800,0,12,10,2
"181",6001430800,0,12,10,2
"182",6001430900,0,7,12,2
"183",6001430900,0,7,12,2
"184",6001431000,0,7,9,2
"185",6001431000,0,7,9,2
"186",6001431100,0,7,12,2
"187",6001431200,0,7,12,2
"188",6001432100,0,3,10,2
"189",6001432100,0,3,10,2
"190",6001432200,0,3,3,1
"191",6001432300,0,7,12,2
"192",6001432400,0,10,9,2
"193",6001432400,0,10,9,2
"194",6001432600,0,7,12,2
"195",6001432700,0,3,10,2
"196",6001432800,0,3,10,2
"197",6001432800,0,3,10,2
"198",6001432800,0,3,10,2
"199",6001433000,0,12,12,1
"200",6001433102,0,7,12,2
"201",6001433200,0,3,12,2
"202",6001433200,0,3,12,2
"203",6001433300,0,12,12,1
"204",6001433400,0,4,10,2
"205",6001433400,0,4,10,2
"206",6001433500,0,12,12,1
"207",6001433600,0,7,12,2
"208",6001433700,0,8,9,2
"209",6001433800,0,10,9,2
"210",6001433900,0,7,6,2
"211",6001434000,0,3,6,2
"212",6001435102,0,12,10,2
"213",6001435200,0,12,12,1
"214",6001435300,0,3,9,2
"215",6001435400,0,7,12,2
"216",6001435500,0,7,9,2
"217",6001435700,0,12,12,1
"218",6001435800,0,12,12,1
"219",6001436000,0,12,12,1
"220",6001436100,0,7,12,2
"221",6001436200,0,3,6,2
"222",6001436300,0,7,9,2
"223",6001436401,0,12,12,1
"224",6001436402,0,12,10,2
"225",6001436500,0,7,9,2
"226",6001436500,0,7,9,2
"227",6001436601,0,7,9,2
"228",6001436602,0,7,9,2
"229",6001436700,0,8,9,2
"230",6001436800,0,7,9,2
"231",6001436900,0,7,9,2
"232",6001437000,0,10,12,2
"233",6001437200,0,10,10,1
"234",6001437300,0,10,9,2
"235",6001437500,0,8,6,2
"236",6001437600,0,10,9,2
"237",6001437800,0,10,10,1
"238",6001437900,0,3,9,2
"239",6001438000,0,12,12,1
"240",6001438100,0,10,12,2
"241",6001438201,0,10,9,2
"242",6001438300,2,10,9,2
"243",6001438400,0,12,12,1
"244",6001440100,0,10,12,2
"245",6001440200,0,8,9,2
"246",6001440301,0,10,12,2
"247",6001440304,0,10,10,1
"248",6001440306,0,10,10,1
"249",6001440307,0,10,12,2
"250",6001440308,0,10,10,1
"251",6001440331,0,10,10,1
"252",6001441100,0,12,10,2
"253",6001441200,0,10,10,1
"254",6001441301,0,12,10,2
"255",6001441302,0,10,10,1
"256",6001441401,0,10,10,1
"257",6001441402,0,12,10,2
"258",6001441402,0,12,10,2
"259",6001441501,0,12,13,2
"260",6001441503,0,12,13,2
"261",6001441521,0,12,13,2
"262",6001441522,0,12,10,2
"263",6001441601,0,10,12,2
"264",6001441602,0,10,10,1
"265",6001441700,0,12,10,2
"266",6001441800,0,10,10,1
"267",6001441921,0,5,10,2
"268",6001441923,0,7,5,2
"269",6001442000,0,12,13,2
"270",6001442100,0,12,13,2
"271",6001442200,0,12,13,2
"272",6001442400,0,10,12,2
"273",6001442500,0,10,12,2
"274",6001442700,0,12,10,2
"275",6001442800,0,10,10,1
"276",6001442900,0,10,10,1
"277",6001443001,0,12,10,2
"278",6001443002,0,10,10,1
"279",6001443102,0,12,13,2
"280",6001443103,0,12,13,2
"281",6001443200,0,12,13,2
"282",6001443200,0,12,13,2
"283",6001443301,0,12,13,2
"284",6001443301,0,12,13,2
"285",6001444100,0,12,10,2
"286",6001444200,0,10,10,1
"287",6001444400,0,10,9,2
"288",6001444500,0,10,10,1
"289",6001450200,0,5,10,2
"290",6001450300,0,12,10,2
"291",6001450400,0,12,10,2
"292",6001450601,1,1,10,1
"293",6001450602,0,12,10,2
"294",6001450603,0,12,10,2
"295",6001450604,0,1,10,2
"296",6001450605,0,3,10,2
"297",6001450606,0,12,10,2
"298",6001450607,0,5,2,2
"299",6001450701,1,1,1,0
"300",6001450701,1,1,1,0
"301",6001450701,0,1,1,1
"302",6001450741,0,3,10,2
"303",6001450742,0,12,10,2
"304",6001451101,0,12,10,2
"305",6001451102,0,1,1,1
"306",6001451201,0,12,10,2
"307",6001451201,0,12,10,2
"308",6001451202,0,12,10,2
"309",6001451202,0,12,10,2
"310",6001451202,0,12,10,2
"311",6001451300,0,12,10,2
"312",6001451401,0,12,10,2
"313",6001451501,0,3,10,2
"314",6001451503,0,12,10,2
"315",6001451601,0,12,10,2
"316",6001451602,0,12,10,2
"317",6013301000,0,12,12,1
"318",6013305000,0,2,3,2
"319",6013305000,0,2,3,2
"320",6013306002,0,12,12,1
"321",6013307101,0,12,12,1
"322",6013307101,0,12,12,1
"323",6013307102,0,7,9,2
"324",6013307201,0,3,3,1
"325",6013307202,0,3,6,2
"326",6013307204,0,12,12,1
"327",6013307205,0,8,9,2
"328",6013308001,0,12,12,1
"329",6013308002,0,12,10,2
"330",6013309000,0,12,12,1
"331",6013310000,0,8,6,2
"332",6013311000,0,8,6,2
"333",6013312000,0,8,9,2
"334",6013313101,0,8,6,2
"335",6013313102,0,8,12,2
"336",6013313103,0,12,12,1
"337",6013314102,0,10,9,2
"338",6013314102,0,10,9,2
"339",6013314103,0,8,6,2
"340",6013314104,0,8,6,2
"341",6013314200,0,8,9,2
"342",6013314200,0,8,9,2
"343",6013314200,0,8,9,2
"344",6013315000,0,12,10,2
"345",6013315000,0,12,10,2
"346",6013315000,0,12,10,2
"347",6013316000,0,2,3,2
"348",6013316000,0,2,3,2
"349",6013317000,0,7,3,2
"350",6013318000,0,3,14,2
"351",6013318000,0,3,14,2
"352",6013319000,0,3,3,1
"353",6013320001,0,12,12,1
"354",6013320001,0,12,12,1
"355",6013321101,0,12,12,1
"356",6013321102,0,3,10,2
"357",6013321102,0,3,10,2
"358",6013321102,0,3,10,2
"359",6013321103,0,3,10,2
"360",6013321103,1,3,10,2
"361",6013321200,0,5,5,1
"362",6013322000,0,3,10,2
"363",6013323000,0,3,14,2
"364",6013325000,0,3,14,2
"365",6013325000,0,3,14,2
"366",6013326000,0,3,14,2
"367",6013327000,0,7,12,2
"368",6013327000,0,7,12,2
"369",6013328000,0,7,5,2
"370",6013329000,0,12,3,2
"371",6013330000,0,12,3,2
"372",6013331000,0,12,3,2
"373",6013332000,0,12,10,2
"374",6013333200,0,12,12,1
"375",6013334001,0,12,3,2
"376",6013334004,0,5,12,2
"377",6013335000,0,12,3,2
"378",6013336101,0,8,6,2
"379",6013336102,0,8,6,2
"380",6013337100,0,12,10,2
"381",6013337200,0,12,3,2
"382",6013337300,0,3,1,2
"383",6013338201,0,1,1,1
"384",6013338301,0,1,1,1
"385",6013338302,0,1,1,1
"386",6013340001,0,3,10,2
"387",6013340001,0,3,10,2
"388",6013340002,0,1,1,1
"389",6013341000,0,3,14,2
"390",6013343001,0,3,10,2
"391",6013343002,0,3,1,2
"392",6013343003,0,3,1,2
"393",6013343003,0,3,1,2
"394",6013345101,0,12,10,2
"395",6013345102,0,12,10,2
"396",6013345103,0,12,14,2
"397",6013345105,0,12,1,2
"398",6013345108,0,12,13,2
"399",6013345202,0,12,10,2
"400",6013345202,0,12,10,2
"401",6013346101,1,1,1,0
"402",6013346102,1,1,1,0
"403",6013346201,1,1,1,0
"404",6013347000,1,1,1,0
"405",6013347000,0,1,1,1
"406",6013348000,1,1,1,0
"407",6013348000,1,1,1,0
"408",6013349000,0,3,1,2
"409",6013350000,0,3,1,2
"410",6013351200,1,1,1,0
"411",6013352101,0,1,1,1
"412",6013352102,1,1,1,0
"413",6013352201,0,1,1,1
"414",6013352202,1,3,1,2
"415",6013353001,1,1,1,0
"416",6013353001,1,1,1,0
"417",6013353002,1,1,1,0
"418",6013354001,1,1,1,0
"419",6013354002,1,1,1,0
"420",6013355200,0,12,10,2
"421",6013355301,0,12,10,2
"422",6013355302,1,1,1,0
"423",6013355304,0,12,10,2
"424",6013356001,0,10,10,1
"425",6013356001,0,10,10,1
"426",6013356002,0,12,10,2
"427",6013356002,0,12,10,2
"428",6013356002,0,12,10,2
"429",6013356002,1,12,10,2
"430",6013356002,0,12,10,2
"431",6013357000,0,3,14,2
"432",6013358000,0,12,12,1
"433",6013359102,0,12,12,1
"434",6013359202,0,12,10,2
"435",6013359202,0,12,10,2
"436",6013359203,0,12,10,2
"437",6013359203,0,12,10,2
"438",6013359204,0,12,10,2
"439",6013359204,0,12,10,2
"440",6013359204,0,12,10,2
"441",6013360200,0,12,12,1
"442",6013361000,1,12,12,1
"443",6013361000,0,12,12,1
"444",6013361000,0,12,12,1
"445",6013361000,0,12,12,1
"446",6013361000,1,12,12,1
"447",6013362000,0,3,10,2
"448",6013362000,0,3,10,2
"449",6013362000,0,3,10,2
"450",6013362000,0,3,10,2
"451",6013363000,0,12,12,1
"452",6013364002,0,12,9,2
"453",6013364002,0,12,9,2
"454",6013365002,0,3,6,2
"455",6013366001,0,10,9,2
"456",6013366002,0,8,9,2
"457",6013366002,0,8,9,2
"458",6013367100,2,3,12,2
"459",6013367100,0,3,12,2
"460",6013367200,0,10,9,2
"461",6013367200,2,10,9,2
"462",6013369001,0,7,6,2
"463",6013369002,0,12,9,2
"464",6013369002,0,12,9,2
"465",6013370000,0,3,12,2
"466",6013371000,0,7,9,2
"467",6013372000,0,8,6,2
"468",6013373000,0,8,9,2
"469",6013374000,0,7,9,2
"470",6013375000,0,8,6,2
"471",6013376000,0,3,6,2
"472",6013377000,0,3,9,2
"473",6013378000,0,3,14,2
"474",6013378000,0,3,14,2
"475",6013379000,0,3,6,2
"476",6013380000,0,7,5,2
"477",6013381000,0,3,6,2
"478",6013382000,2,3,6,2
"479",6013382000,0,3,6,2
"480",6013383000,0,4,2,2
"481",6013383000,0,4,2,2
"482",6013383000,2,4,2,2
"483",6013384000,0,3,1,2
"484",6013384000,0,3,1,2
"485",6013385100,1,3,1,2
"486",6013385200,0,3,1,2
"487",6013386000,2,7,5,2
"488",6013386000,0,7,5,2
"489",6013386000,0,7,5,2
"490",6013387000,0,4,2,2
"491",6013388000,0,4,2,2
"492",6013389100,0,4,2,2
"493",6013389200,2,7,5,2
"494",6013390100,1,3,1,2
"495",6013390100,1,3,1,2
"496",6013390200,0,3,1,2
"497",6013390200,1,3,1,2
"498",6013390200,1,3,1,2
"499",6013391000,1,3,1,2
"500",6013391000,1,3,1,2
"501",6013391000,1,3,1,2
"502",6013392000,1,3,1,2
"503",6013392000,0,3,1,2
"504",6041101100,0,3,1,2
"505",6041101200,0,3,10,2
"506",6041102100,0,3,1,2
"507",6041103100,0,3,14,2
"508",6041103200,0,12,10,2
"509",6041104101,0,12,10,2
"510",6041104102,0,12,12,1
"511",6041104200,0,3,10,2
"512",6041104200,0,3,10,2
"513",6041104300,0,3,14,2
"514",6041105000,0,12,10,2
"515",6041106001,0,7,2,2
"516",6041106001,0,7,2,2
"517",6041106002,0,12,10,2
"518",6041107000,0,1,1,1
"519",6041108100,0,1,1,1
"520",6041108200,0,7,10,2
"521",6041110100,0,7,1,2
"522",6041110200,1,3,1,2
"523",6041111000,0,7,10,2
"524",6041111000,1,7,10,2
"525",6041111000,0,7,10,2
"526",6041111000,1,7,10,2
"527",6041112100,0,7,10,2
"528",6041113000,0,3,14,2
"529",6041114100,0,3,14,2
"530",6041114100,0,3,14,2
"531",6041114200,0,3,14,2
"532",6041114200,0,3,14,2
"533",6041115000,0,1,1,1
"534",6041115000,0,1,1,1
"535",6041116000,0,3,1,2
"536",6041116000,0,3,1,2
"537",6041117000,1,3,14,2
"538",6041117000,0,3,14,2
"539",6041118100,1,1,1,0
"540",6041118100,1,1,1,0
"541",6041118100,0,1,1,1
"542",6041119100,1,1,1,0
"543",6041119100,1,1,1,0
"544",6041119100,1,1,1,0
"545",6041120000,1,3,1,2
"546",6041120000,0,3,1,2
"547",6041120000,1,3,1,2
"548",6041121100,0,3,1,2
"549",6041121100,0,3,1,2
"550",6041121100,1,3,1,2
"551",6041121200,0,3,1,2
"552",6041123000,1,1,1,0
"553",6041124100,1,1,1,0
"554",6041124200,1,1,1,0
"555",6041125000,0,3,2,2
"556",6041126100,1,1,1,0
"557",6041126100,1,1,1,0
"558",6041126200,0,3,1,2
"559",6041127000,1,1,1,0
"560",6041127000,1,1,1,0
"561",6041128100,1,1,1,0
"562",6041128200,1,1,1,0
"563",6041128200,1,1,1,0
"564",6041129000,2,7,4,2
"565",6041129000,1,7,4,2
"566",6041132100,0,3,14,2
"567",6041132200,0,3,14,2
"568",6041133000,0,3,14,2
"569",6041133000,0,3,14,2
"570",6055200201,0,7,9,2
"571",6055200202,0,7,9,2
"572",6055200203,0,7,9,2
"573",6055200400,0,3,10,2
"574",6055200501,0,8,9,2
"575",6055200503,0,7,9,2
"576",6055200703,0,3,14,2
"577",6055200802,0,12,12,1
"578",6055201200,0,12,12,1
"579",6055201300,0,3,14,2
"580",6055201500,0,3,14,2
"581",6055201700,0,3,10,2
"582",6055201800,0,12,14,2
"583",6055202000,0,12,12,1
"584",6055202000,0,12,12,1
"585",6075010100,0,5,5,1
"586",6075010200,0,3,2,2
"587",6075010300,6,3,5,2
"588",6075010400,6,3,5,2
"589",6075010500,0,5,5,1
"590",6075010600,6,5,7,2
"591",6075010700,2,7,7,1
"592",6075010800,6,5,5,1
"593",6075010900,6,3,2,2
"594",6075010900,6,3,2,2
"595",6075011000,6,5,5,1
"596",6075011100,6,5,4,2
"597",6075011200,6,3,5,2
"598",6075011300,2,7,7,1
"599",6075011700,3,7,4,2
"600",6075011700,3,7,4,2
"601",6075011800,2,7,7,1
"602",6075012000,6,5,4,2
"603",6075012100,6,5,4,2
"604",6075012700,0,3,2,2
"605",6075012800,0,3,2,2
"606",6075012800,0,3,2,2
"607",6075013000,0,3,2,2
"608",6075013200,0,3,2,2
"609",6075013300,0,3,2,2
"610",6075013400,0,3,2,2
"611",6075013500,0,3,2,2
"612",6075015100,0,5,5,1
"613",6075015200,6,3,2,2
"614",6075015300,0,3,2,2
"615",6075015400,0,3,2,2
"616",6075015500,0,7,5,2
"617",6075015600,6,3,5,2
"618",6075015700,6,3,5,2
"619",6075015900,0,5,5,1
"620",6075016000,0,5,5,1
"621",6075016100,3,7,4,2
"622",6075016200,6,3,5,2
"623",6075016300,6,3,5,2
"624",6075016400,6,3,5,2
"625",6075016500,6,3,5,2
"626",6075016600,6,3,5,2
"627",6075016700,6,3,2,2
"628",6075016900,6,3,2,2
"629",6075017000,0,3,2,2
"630",6075017601,3,7,5,2
"631",6075017700,6,7,4,2
"632",6075017902,2,7,4,2
"633",6075018000,0,5,5,1
"634",6075020100,0,5,4,2
"635",6075020200,6,3,5,2
"636",6075020300,6,3,2,2
"637",6075020500,0,3,2,2
"638",6075020600,0,3,2,2
"639",6075020700,6,3,2,2
"640",6075020800,0,7,4,2
"641",6075020900,0,7,4,2
"642",6075021000,6,3,2,2
"643",6075021100,0,3,2,2
"644",6075021200,0,3,2,2
"645",6075021300,0,3,2,2
"646",6075021400,0,3,2,2
"647",6075021500,0,3,2,2
"648",6075021600,0,3,2,2
"649",6075021700,0,3,2,2
"650",6075021800,0,3,2,2
"651",6075022702,0,3,2,2
"652",6075022801,0,7,4,2
"653",6075022802,2,7,4,2
"654",6075022803,0,7,4,2
"655",6075022901,0,7,4,2
"656",6075022902,0,7,4,2
"657",6075022903,0,7,4,2
"658",6075023001,2,4,8,2
"659",6075023003,2,4,8,2
"660",6075023102,2,3,6,2
"661",6075023103,0,3,6,2
"662",6075023200,0,3,3,1
"663",6075023300,2,4,8,2
"664",6075023400,0,4,8,2
"665",6075025100,0,3,2,2
"666",6075025100,2,3,2,2
"667",6075025200,2,7,2,2
"668",6075025300,2,7,4,2
"669",6075025401,2,7,4,2
"670",6075025402,2,4,2,2
"671",6075025402,2,4,2,2
"672",6075025403,2,10,9,2
"673",6075025500,2,10,12,2
"674",6075025600,2,4,12,2
"675",6075025800,2,4,12,2
"676",6075025800,2,4,12,2
"677",6075025900,2,10,10,1
"678",6075026001,2,10,12,2
"679",6075026002,2,10,12,2
"680",6075026003,2,10,12,2
"681",6075026004,2,10,12,2
"682",6075026100,2,10,12,2
"683",6075026200,2,10,12,2
"684",6075026301,2,4,12,2
"685",6075026302,0,10,12,2
"686",6075026302,2,10,12,2
"687",6075026303,2,10,12,2
"688",6075026401,2,4,8,2
"689",6075026402,2,4,12,2
"690",6075026402,2,4,12,2
"691",6075026403,2,4,8,2
"692",6075026403,2,4,8,2
"693",6075026404,2,4,8,2
"694",6075030101,6,3,5,2
"695",6075030102,0,3,2,2
"696",6075030201,6,4,5,2
"697",6075030202,6,3,5,2
"698",6075030301,2,3,2,2
"699",6075030302,0,4,12,2
"700",6075030400,0,3,1,2
"701",6075030500,0,3,2,2
"702",6075030600,0,3,1,2
"703",6075030700,0,3,2,2
"704",6075030800,0,3,1,2
"705",6075030900,0,3,1,2
"706",6075031000,0,4,2,2
"707",6075031100,2,4,2,2
"708",6075031100,2,4,2,2
"709",6075031400,2,4,8,2
"710",6075032700,2,4,12,2
"711",6075033000,2,4,12,2
"712",6075033100,0,4,12,2
"713",6075033201,2,7,4,2
"714",6075035100,2,4,12,2
"715",6075035201,2,4,12,2
"716",6075035202,2,4,5,2
"717",6075035300,2,4,12,2
"718",6075035400,2,4,12,2
"719",6075040100,6,4,5,2
"720",6075040200,6,4,5,2
"721",6075042700,2,4,5,2
"722",6075042800,1,1,1,0
"723",6075045100,2,4,5,2
"724",6075045200,2,4,5,2
"725",6075047600,2,4,5,2
"726",6075047701,2,4,5,2
"727",6075047702,2,4,5,2
"728",6075047901,2,4,12,2
"729",6075047902,2,4,12,2
"730",6075060100,2,3,2,2
"731",6075060400,0,5,5,1
"732",6075060400,0,5,5,1
"733",6075060502,0,3,8,2
"734",6075061000,2,4,10,2
"735",6081600100,2,4,10,2
"736",6081600100,0,4,10,2
"737",6081600200,0,10,12,2
"738",6081600200,2,10,12,2
"739",6081600300,0,10,10,1
"740",6081600300,0,10,10,1
"741",6081600500,2,10,12,2
"742",6081600600,2,4,12,2
"743",6081600700,2,4,12,2
"744",6081600800,0,7,5,2
"745",6081600900,0,4,12,2
"746",6081601000,2,10,10,1
"747",6081601200,2,12,12,1
"748",6081601300,0,7,9,2
"749",6081601300,0,7,9,2
"750",6081601400,0,10,10,1
"751",6081601400,0,10,10,1
"752",6081601501,0,10,10,1
"753",6081601502,0,7,5,2
"754",6081601502,0,7,5,2
"755",6081601601,0,10,12,2
"756",6081601601,0,10,12,2
"757",6081601601,0,10,12,2
"758",6081601603,0,10,10,1
"759",6081601605,0,10,10,1
"760",6081601700,0,10,10,1
"761",6081601800,0,12,10,2
"762",6081601800,0,12,10,2
"763",6081602000,0,12,10,2
"764",6081602100,0,7,9,2
"765",6081602200,0,7,9,2
"766",6081602300,0,8,12,2
"767",6081602300,0,8,12,2
"768",6081602400,0,12,12,1
"769",6081602500,0,12,10,2
"770",6081602700,0,10,12,2
"771",6081602800,2,10,10,1
"772",6081602800,0,10,10,1
"773",6081602900,0,4,10,2
"774",6081603000,0,3,10,2
"775",6081603100,0,3,1,2
"776",6081603200,0,3,14,2
"777",6081603300,0,3,1,2
"778",6081603400,0,3,1,2
"779",6081603700,0,10,10,1
"780",6081603700,0,10,10,1
"781",6081603900,2,12,10,2
"782",6081603900,0,12,10,2
"783",6081604000,0,12,10,2
"784",6081604101,0,7,9,2
"785",6081604102,0,5,5,1
"786",6081604102,0,5,5,1
"787",6081604200,0,7,9,2
"788",6081604200,0,7,9,2
"789",6081604400,2,7,12,2
"790",6081604500,0,12,1,2
"791",6081604600,0,12,13,2
"792",6081604600,0,12,13,2
"793",6081604700,0,12,13,2
"794",6081604800,0,4,12,2
"795",6081604900,0,12,13,2
"796",6081604900,0,12,13,2
"797",6081605000,0,12,10,2
"798",6081605000,1,12,10,2
"799",6081605100,0,7,10,2
"800",6081605200,1,1,1,0
"801",6081605300,1,4,1,2
"802",6081605300,0,4,1,2
"803",6081605400,0,7,10,2
"804",6081605500,0,3,2,2
"805",6081605500,1,3,2,2
"806",6081605600,1,1,1,0
"807",6081605600,0,1,1,1
"808",6081605700,1,1,1,0
"809",6081605700,1,1,1,0
"810",6081605800,1,1,1,0
"811",6081605900,0,5,12,2
"812",6081606000,0,5,12,2
"813",6081606000,0,5,12,2
"814",6081606100,0,7,12,2
"815",6081606200,0,7,9,2
"816",6081606300,0,4,12,2
"817",6081606400,0,3,2,2
"818",6081606500,1,1,1,0
"819",6081606500,1,1,1,0
"820",6081606600,0,4,1,2
"821",6081606700,1,3,1,2
"822",6081606700,0,3,1,2
"823",6081606800,0,1,13,2
"824",6081606900,0,3,1,2
"825",6081607000,0,1,13,2
"826",6081607100,0,1,1,1
"827",6081607200,2,5,12,2
"828",6081607300,0,1,1,1
"829",6081607400,0,5,10,2
"830",6081607400,0,5,10,2
"831",6081607500,0,5,10,2
"832",6081607600,0,4,10,2
"833",6081607701,0,12,9,2
"834",6081607702,0,12,12,1
"835",6081607800,0,12,10,2
"836",6081607900,0,5,2,2
"837",6081607900,0,5,2,2
"838",6081608001,0,5,2,2
"839",6081608004,0,12,2,2
"840",6081608013,0,12,10,2
"841",6081608023,0,12,13,2
"842",6081608100,0,12,13,2
"843",6081608200,0,12,13,2
"844",6081608300,0,12,13,2
"845",6081608300,0,12,13,2
"846",6081608400,0,5,10,2
"847",6081608400,0,5,10,2
"848",6081608501,0,12,10,2
"849",6081608502,0,5,10,2
"850",6081608600,0,12,10,2
"851",6081608600,0,12,10,2
"852",6081608600,0,12,10,2
"853",6081608600,0,12,10,2
"854",6081608700,0,1,10,2
"855",6081608800,0,1,13,2
"856",6081608900,0,5,10,2
"857",6081608900,0,5,10,2
"858",6081609000,0,3,10,2
"859",6081609100,0,10,10,1
"860",6081609300,0,3,1,2
"861",6081609300,0,3,1,2
"862",6081609400,0,3,1,2
"863",6081609400,0,3,1,2
"864",6081609500,0,1,1,1
"865",6081609601,0,1,1,1
"866",6081609601,0,1,1,1
"867",6081609601,0,1,1,1
"868",6081609602,0,3,1,2
"869",6081609603,0,1,1,1
"870",6081609603,0,1,1,1
"871",6081609603,0,1,1,1
"872",6081609700,1,3,1,2
"873",6081609700,1,3,1,2
"874",6081609800,0,1,1,1
"875",6081609800,0,1,1,1
"876",6081609900,0,3,1,2
"877",6081610000,0,3,10,2
"878",6081610000,0,3,10,2
"879",6081610100,0,7,9,2
"880",6081610100,0,7,9,2
"881",6081610201,0,8,9,2
"882",6081610202,0,7,4,2
"883",6081610203,0,8,6,2
"884",6081610302,0,5,12,2
"885",6081610303,0,12,13,2
"886",6081610304,0,12,10,2
"887",6081610304,0,12,10,2
"888",6081610304,0,12,10,2
"889",6081610400,0,7,9,2
"890",6081610400,0,7,9,2
"891",6081610500,0,8,9,2
"892",6081610601,0,8,9,2
"893",6081610602,0,12,10,2
"894",6081610700,0,7,12,2
"895",6081610800,0,7,9,2
"896",6081610900,0,7,9,2
"897",6081610900,0,7,9,2
"898",6081611000,0,12,10,2
"899",6081611000,0,12,10,2
"900",6081611000,0,12,10,2
"901",6081611100,0,3,1,2
"902",6081611100,0,3,1,2
"903",6081611300,0,3,1,2
"904",6081611400,1,1,1,0
"905",6081611500,1,1,1,0
"906",6081611600,1,1,1,0
"907",6081611700,0,8,6,2
"908",6081611700,0,8,6,2
"909",6081611700,0,8,6,2
"910",6081611700,0,8,6,2
"911",6081611800,0,8,6,2
"912",6081611800,0,8,6,2
"913",6081611900,0,8,9,2
"914",6081612000,0,8,6,2
"915",6081612000,0,8,6,2
"916",6081612100,0,7,9,2
"917",6081612500,1,3,1,2
"918",6081612500,0,3,1,2
"919",6081612600,0,3,1,2
"920",6081612700,1,1,1,0
"921",6081612800,1,1,1,0
"922",6081612900,1,1,1,0
"923",6081613000,1,1,1,0
"924",6081613200,1,1,1,0
"925",6081613300,1,1,1,0
"926",6081613300,0,1,1,1
"927",6081613400,1,1,1,0
"928",6081613501,0,12,10,2
"929",6081613502,0,1,14,2
"930",6081613600,0,1,14,2
"931",6081613700,0,12,10,2
"932",6081613800,0,3,14,2
"933",6085500100,0,7,9,2
"934",6085500200,0,5,3,2
"935",6085500200,0,5,3,2
"936",6085500300,0,5,5,1
"937",6085500400,0,7,10,2
"938",6085500500,0,12,1,2
"939",6085500600,0,7,10,2
"940",6085500800,0,5,5,1
"941",6085500901,0,7,4,2
"942",6085500902,3,7,4,2
"943",6085501000,0,7,9,2
"944",6085501200,0,7,9,2
"945",6085501300,2,4,3,2
"946",6085501501,0,8,9,2
"947",6085501502,0,8,9,2
"948",6085501600,0,7,3,2
"949",6085501700,0,8,9,2
"950",6085501700,0,8,9,2
"951",6085501800,0,12,9,2
"952",6085501800,0,12,9,2
"953",6085501900,0,7,5,2
"954",6085501900,0,7,5,2
"955",6085502001,0,7,9,2
"956",6085502002,0,8,9,2
"957",6085502101,0,12,10,2
"958",6085502102,0,7,9,2
"959",6085502201,0,7,12,2
"960",6085502201,0,7,12,2
"961",6085502202,0,12,2,2
"962",6085502400,0,3,14,2
"963",6085502400,0,3,14,2
"964",6085502500,0,3,1,2
"965",6085502601,0,3,1,2
"966",6085502701,0,3,10,2
"967",6085502702,0,12,10,2
"968",6085502800,0,12,10,2
"969",6085502901,0,3,10,2
"970",6085502902,0,3,10,2
"971",6085502903,0,3,1,2
"972",6085502906,0,12,12,1
"973",6085502906,0,12,12,1
"974",6085502907,0,12,10,2
"975",6085502908,0,3,10,2
"976",6085502908,0,3,10,2
"977",6085502909,0,12,10,2
"978",6085502910,0,5,10,2
"979",6085503001,0,3,1,2
"980",6085503002,0,3,10,2
"981",6085503003,0,12,10,2
"982",6085503105,0,10,8,2
"983",6085503108,0,5,10,2
"984",6085503110,0,8,9,2
"985",6085503111,0,10,9,2
"986",6085503112,0,7,12,2
"987",6085503113,0,8,9,2
"988",6085503115,0,12,10,2
"989",6085503116,0,12,10,2
"990",6085503116,0,12,10,2
"991",6085503204,0,10,9,2
"992",6085503207,0,10,10,1
"993",6085503208,0,10,9,2
"994",6085503210,0,10,9,2
"995",6085503211,0,10,9,2
"996",6085503212,0,10,10,1
"997",6085503213,0,10,8,2
"998",6085503214,0,10,9,2
"999",6085503217,0,8,9,2
"1000",6085503218,0,8,9,2
"1001",6085503304,0,10,9,2
"1002",6085503305,0,10,9,2
"1003",6085503306,0,8,9,2
"1004",6085503312,0,10,10,1
"1005",6085503313,0,12,10,2
"1006",6085503315,0,10,10,1
"1007",6085503321,0,10,10,1
"1008",6085503322,0,10,10,1
"1009",6085503323,0,10,10,1
"1010",6085503324,0,10,10,1
"1011",6085503325,0,10,10,1
"1012",6085503326,0,12,13,2
"1013",6085503327,0,10,12,2
"1014",6085503401,0,8,9,2
"1015",6085503402,0,8,9,2
"1016",6085503504,0,8,9,2
"1017",6085503506,0,8,9,2
"1018",6085503507,0,8,9,2
"1019",6085503508,0,8,9,2
"1020",6085503509,0,10,9,2
"1021",6085503510,0,8,9,2
"1022",6085503511,0,10,9,2
"1023",6085503601,0,8,9,2
"1024",6085503602,0,8,9,2
"1025",6085503703,0,8,9,2
"1026",6085503707,0,10,9,2
"1027",6085503708,0,10,10,1
"1028",6085503709,0,10,9,2
"1029",6085503802,0,10,9,2
"1030",6085503803,0,10,10,1
"1031",6085503804,0,10,9,2
"1032",6085504001,0,8,9,2
"1033",6085504002,0,8,9,2
"1034",6085504101,0,8,9,2
"1035",6085504102,0,8,9,2
"1036",6085504201,0,12,10,2
"1037",6085504202,0,12,10,2
"1038",6085504307,0,10,10,1
"1039",6085504308,0,10,10,1
"1040",6085504311,0,12,13,2
"1041",6085504314,0,10,10,1
"1042",6085504316,0,10,10,1
"1043",6085504318,0,10,8,2
"1044",6085504319,0,10,10,1
"1045",6085504320,0,10,10,1
"1046",6085504321,0,10,10,1
"1047",6085504410,0,10,10,1
"1048",6085504411,0,10,10,1
"1049",6085504412,0,10,10,1
"1050",6085504412,0,10,10,1
"1051",6085504413,0,12,10,2
"1052",6085504414,0,12,13,2
"1053",6085504415,0,12,10,2
"1054",6085504416,0,12,10,2
"1055",6085504418,0,10,10,1
"1056",6085504418,0,10,10,1
"1057",6085504420,0,12,10,2
"1058",6085504421,0,10,10,1
"1059",6085504422,0,10,12,2
"1060",6085504504,0,12,10,2
"1061",6085504505,0,10,10,1
"1062",6085504506,0,12,10,2
"1063",6085504507,0,10,10,1
"1064",6085504602,0,8,9,2
"1065",6085504602,0,8,9,2
"1066",6085504802,0,10,12,2
"1067",6085504803,0,5,15,2
"1068",6085504805,0,5,12,2
"1069",6085504806,0,10,12,2
"1070",6085504901,2,12,15,2
"1071",6085505001,0,12,10,2
"1072",6085505001,0,12,10,2
"1073",6085505007,0,10,12,2
"1074",6085505100,0,5,5,1
"1075",6085505202,0,7,9,2
"1076",6085505202,0,7,9,2
"1077",6085505203,0,7,5,2
"1078",6085505301,0,10,12,2
"1079",6085505302,0,12,10,2
"1080",6085505303,0,7,12,2
"1081",6085505304,0,12,10,2
"1082",6085505305,0,10,10,1
"1083",6085505401,0,5,15,2
"1084",6085505402,0,10,10,1
"1085",6085505403,0,5,12,2
"1086",6085505500,0,10,10,1
"1087",6085505600,0,5,3,2
"1088",6085505700,0,5,2,2
"1089",6085505800,0,3,10,2
"1090",6085505900,0,5,10,2
"1091",6085506000,0,12,10,2
"1092",6085506101,0,12,10,2
"1093",6085506102,0,12,13,2
"1094",6085506103,0,12,13,2
"1095",6085506202,0,12,13,2
"1096",6085506203,0,5,15,2
"1097",6085506204,0,10,10,1
"1098",6085506301,0,5,12,2
"1099",6085506302,0,12,10,2
"1100",6085506304,0,7,5,2
"1101",6085506305,0,7,9,2
"1102",6085506401,0,5,12,2
"1103",6085506402,0,5,12,2
"1104",6085506501,0,7,9,2
"1105",6085506502,0,12,2,2
"1106",6085506503,0,5,12,2
"1107",6085506601,0,10,10,1
"1108",6085506603,0,12,10,2
"1109",6085506604,0,12,13,2
"1110",6085506605,0,10,12,2
"1111",6085506606,0,4,10,2
"1112",6085506701,0,12,13,2
"1113",6085506702,0,10,10,1
"1114",6085506703,0,12,10,2
"1115",6085506801,0,3,2,2
"1116",6085506802,0,12,14,2
"1117",6085506802,0,12,14,2
"1118",6085506803,0,12,10,2
"1119",6085506803,0,12,10,2
"1120",6085506804,0,1,1,1
"1121",6085506900,0,1,1,1
"1122",6085507001,1,3,1,2
"1123",6085507002,1,1,1,0
"1124",6085507100,0,3,2,2
"1125",6085507203,0,3,2,2
"1126",6085507205,0,3,1,2
"1127",6085507206,0,1,1,1
"1128",6085507301,1,1,13,1
"1129",6085507302,1,1,1,0
"1130",6085507401,0,12,13,2
"1131",6085507402,0,1,13,2
"1132",6085507500,0,12,13,2
"1133",6085507600,1,12,13,2
"1134",6085507701,0,12,13,2
"1135",6085507702,0,12,13,2
"1136",6085507703,0,12,13,2
"1137",6085507805,0,12,10,2
"1138",6085507806,0,12,15,2
"1139",6085507807,0,12,13,2
"1140",6085507808,0,12,13,2
"1141",6085507903,0,12,13,2
"1142",6085507904,0,12,13,2
"1143",6085507905,0,12,15,2
"1144",6085507906,0,12,13,2
"1145",6085508001,0,12,15,2
"1146",6085508101,0,12,13,2
"1147",6085508102,0,12,15,2
"1148",6085508202,0,12,13,2
"1149",6085508203,0,12,13,2
"1150",6085508204,0,12,13,2
"1151",6085508301,0,1,13,2
"1152",6085508303,1,1,13,1
"1153",6085508304,0,5,15,2
"1154",6085508401,0,12,13,2
"1155",6085508403,0,1,13,2
"1156",6085508404,0,12,13,2
"1157",6085508503,0,5,15,2
"1158",6085508504,0,5,5,1
"1159",6085508505,0,12,13,2
"1160",6085508601,0,12,10,2
"1161",6085508602,0,5,12,2
"1162",6085508703,0,5,10,2
"1163",6085508704,0,5,12,2
"1164",6085508800,0,7,12,2
"1165",6085508900,0,7,9,2
"1166",6085509000,0,10,9,2
"1167",6085509102,0,5,15,2
"1168",6085509102,0,5,15,2
"1169",6085509105,0,5,12,2
"1170",6085509106,0,5,10,2
"1171",6085509107,0,7,5,2
"1172",6085509108,0,5,12,2
"1173",6085509109,0,12,2,2
"1174",6085509109,0,12,2,2
"1175",6085509201,0,5,2,2
"1176",6085509202,0,4,13,2
"1177",6085509302,0,1,10,2
"1178",6085509303,0,5,12,2
"1179",6085509304,0,5,12,2
"1180",6085509401,0,5,5,1
"1181",6085509403,0,7,5,2
"1182",6085509404,0,5,12,2
"1183",6085509500,0,5,12,2
"1184",6085509600,0,1,2,2
"1185",6085509700,0,3,2,2
"1186",6085509801,0,1,1,1
"1187",6085509802,0,12,10,2
"1188",6085509901,0,3,1,2
"1189",6085509902,0,1,1,1
"1190",6085510001,1,1,1,0
"1191",6085510002,1,1,13,1
"1192",6085510100,1,1,1,0
"1193",6085510200,1,1,1,0
"1194",6085510300,1,3,1,2
"1195",6085510400,1,1,1,0
"1196",6085510500,1,1,1,0
"1197",6085510600,1,1,1,0
"1198",6085510700,0,1,2,2
"1199",6085510801,1,1,1,0
"1200",6085510802,1,3,1,2
"1201",6085510803,1,1,1,0
"1202",6085510900,1,1,1,0
"1203",6085511000,1,1,1,0
"1204",6085511100,1,1,1,0
"1205",6085511200,1,1,1,0
"1206",6085511400,1,1,1,0
"1207",6085511500,1,1,1,0
"1208",6085511701,1,1,1,0
"1209",6085511702,1,1,1,0
"1210",6085511800,0,1,1,1
"1211",6085511800,0,1,1,1
"1212",6085511905,0,1,10,2
"1213",6085511907,0,12,13,2
"1214",6085511909,0,12,13,2
"1215",6085511910,0,1,1,1
"1216",6085511911,0,12,10,2
"1217",6085511911,0,12,10,2
"1218",6085511912,0,12,13,2
"1219",6085511913,0,12,13,2
"1220",6085511914,0,1,13,2
"1221",6085512001,0,12,10,2
"1222",6085512005,0,12,10,2
"1223",6085512017,0,10,9,2
"1224",6085512019,0,12,10,2
"1225",6085512020,0,7,10,2
"1226",6085512021,0,12,10,2
"1227",6085512021,0,12,10,2
"1228",6085512022,0,7,12,2
"1229",6085512023,0,10,9,2
"1230",6085512024,0,12,10,2
"1231",6085512026,0,10,10,1
"1232",6085512026,0,10,10,1
"1233",6085512026,0,10,10,1
"1234",6085512027,0,7,9,2
"1235",6085512029,0,12,10,2
"1236",6085512030,0,12,10,2
"1237",6085512031,0,12,10,2
"1238",6085512032,0,12,10,2
"1239",6085512032,0,12,10,2
"1240",6085512033,0,12,12,1
"1241",6085512034,0,12,10,2
"1242",6085512035,0,12,10,2
"1243",6085512100,0,12,10,2
"1244",6085512100,0,12,10,2
"1245",6085512200,0,3,10,2
"1246",6085512200,0,3,10,2
"1247",6085512305,0,12,10,2
"1248",6085512307,0,12,10,2
"1249",6085512308,0,12,10,2
"1250",6085512309,0,3,10,2
"1251",6085512401,0,10,10,1
"1252",6085512402,0,12,10,2
"1253",6085512503,0,12,10,2
"1254",6085512505,0,10,12,2
"1255",6085512506,0,7,12,2
"1256",6085512508,0,12,12,1
"1257",6085512602,0,10,12,2
"1258",6095250200,0,7,3,2
"1259",6095250300,0,12,9,2
"1260",6095250400,0,12,9,2
"1261",6095250501,0,8,3,2
"1262",6095250502,0,12,9,2
"1263",6095250502,0,12,9,2
"1264",6095250601,0,12,9,2
"1265",6095250701,0,3,9,2
"1266",6095250900,3,3,6,1
"1267",6095251000,2,3,3,1
"1268",6095251100,2,8,6,2
"1269",6095251200,2,3,6,2
"1270",6095251300,0,3,3,1
"1271",6095251400,0,12,3,2
"1272",6095251400,2,12,3,2
"1273",6095251400,0,12,3,2
"1274",6095251500,2,3,6,2
"1275",6095251600,2,3,3,1
"1276",6095251701,2,3,3,1
"1277",6095251702,2,12,12,1
"1278",6095251802,0,7,8,2
"1279",6095251803,0,8,12,2
"1280",6095251804,0,10,12,2
"1281",6095251901,2,3,9,2
"1282",6095251902,0,10,12,2
"1283",6095251903,0,12,12,1
"1284",6095252000,0,3,10,2
"1285",6095252102,0,12,12,1
"1286",6095252103,0,12,12,1
"1287",6095252104,0,12,10,2
"1288",6095252106,0,12,10,2
"1289",6095252107,0,12,10,2
"1290",6095252108,0,12,10,2
"1291",6095252201,0,12,10,2
"1292",6095252202,0,12,10,2
"1293",6095252305,0,12,12,1
"1294",6095252306,0,12,12,1
"1295",6095252401,0,8,6,2
"1296",6095252402,0,8,6,2
"1297",6095252501,0,8,6,2
"1298",6095252502,2,2,3,1
"1299",6095252502,0,2,3,2
"1300",6095252604,0,3,3,1
"1301",6095252605,0,3,6,2
"1302",6095252606,0,3,6,2
"1303",6095252607,0,3,6,2
"1304",6095252608,0,8,6,2
"1305",6095252702,0,12,12,1
"1306",6095252703,0,12,12,1
"1307",6095252704,0,10,12,2
"1308",6095252705,0,12,12,1
"1309",6095252706,0,12,12,1
"1310",6095252707,0,8,9,2
"1311",6095252903,0,12,14,2
"1312",6095252904,0,12,12,1
"1313",6095252908,0,12,12,1
"1314",6095252909,0,12,10,2
"1315",6095252910,0,12,10,2
"1316",6095253101,0,12,3,2
"1317",6095253105,0,7,12,2
"1318",6095253106,0,12,12,1
"1319",6095253107,0,12,12,1
"1320",6095253108,0,12,12,1
"1321",6095253201,0,12,10,2
"1322",6095253203,0,7,3,2
"1323",6095253300,0,12,12,1
"1324",6095253402,0,12,12,1
"1325",6095253500,0,12,12,1
"1326",6097150100,0,3,1,2
"1327",6097150202,0,3,14,2
"1328",6097150303,0,3,14,2
"1329",6097150304,0,12,12,1
"1330",6097150500,0,3,14,2
"1331",6097150601,0,12,9,2
"1332",6097150602,0,12,10,2
"1333",6097150603,0,12,12,1
"1334",6097150701,0,7,10,2
"1335",6097150702,0,1,14,2
"1336",6097150800,0,3,14,2
"1337",6097150901,0,7,9,2
"1338",6097150902,0,3,14,2
"1339",6097151000,0,3,12,2
"1340",6097151100,0,3,14,2
"1341",6097151201,0,3,12,2
"1342",6097151203,0,7,12,2
"1343",6097151203,0,7,12,2
"1344",6097151204,0,7,12,2
"1345",6097151204,0,7,12,2
"1346",6097151301,0,7,12,2
"1347",6097151305,0,7,9,2
"1348",6097151306,0,7,12,2
"1349",6097151307,0,12,12,1
"1350",6097151308,0,12,12,1
"1351",6097151308,0,12,12,1
"1352",6097151309,0,12,12,1
"1353",6097151310,0,7,12,2
"1354",6097151311,0,12,12,1
"1355",6097151401,0,8,12,2
"1356",6097151402,0,8,9,2
"1357",6097151502,0,7,12,2
"1358",6097151503,0,3,1,2
"1359",6097151504,0,12,12,1
"1360",6097151700,0,7,12,2
"1361",6097151700,0,7,12,2
"1362",6097151800,0,3,14,2
"1363",6097151900,0,7,9,2
"1364",6097152000,0,2,3,2
"1365",6097152100,0,7,3,2
"1366",6097152201,0,7,3,2
"1367",6097152202,0,7,12,2
"1368",6097152203,0,7,3,2
"1369",6097152300,0,3,14,2
"1370",6097152400,0,3,1,2
"1371",6097152501,0,7,12,2
"1372",6097152502,0,12,12,1
"1373",6097152600,0,12,14,2
"1374",6097152701,0,3,12,2
"1375",6097152702,0,3,12,2
"1376",6097152801,0,12,12,1
"1377",6097152802,0,7,9,2
"1378",6097152903,0,8,12,2
"1379",6097152904,0,7,12,2
"1380",6097153001,0,7,12,2
"1381",6097153002,0,8,9,2
"1382",6097153003,0,7,12,2
"1383",6097153005,0,12,10,2
"1384",6097153006,0,12,12,1
"1385",6097153102,0,8,9,2
"1386",6097153200,0,12,12,1
"1387",6097153300,0,12,12,1
"1388",6097153401,0,3,14,2
"1389",6097153403,0,3,14,2
"1390",6097153404,0,3,14,2
"1391",6097153501,0,3,14,2
"1392",6097153502,0,3,14,2
"1393",6097153600,0,3,14,2
"1394",6097153703,0,3,3,1
"1395",6097153704,0,3,3,1
"1396",6097153705,0,3,3,1
"1397",6097153706,0,3,14,2
"1398",6097153801,0,12,10,2
"1399",6097153901,0,3,12,2
"1400",6097153901,0,3,12,2
"1401",6097153902,0,7,12,2
"1402",6097153903,0,3,14,2
"1403",6097154000,0,3,14,2
"1404",6097154100,0,12,14,2
"1405",6097154302,0,3,14,2
