"","Geo_FIPS","cl2000","cl2010","cl2014","change","traj"
"1",6001400100,1,1,1,0,"traj0"
"2",6001400200,1,1,1,0,"traj0"
"3",6001400300,1,7,7,2.31,"traj2"
"4",6001400400,1,7,7,2.31,"traj2"
"5",6001400500,2,2,2,0,"traj0"
"6",6001400600,3,2,2,2,"traj1"
"7",6001400700,3,2,2,2,"traj1"
"8",6001400800,3,2,2,2,"traj1"
"9",6001400900,3,2,2,2,"traj1"
"10",6001401000,3,3,2,2,"traj0"
"11",6001401100,2,2,2,0,"traj0"
"12",6001401200,2,7,7,2.31,"traj2"
"13",6001401300,3,4,4,2.31,"traj0"
"14",6001401400,3,3,3,0,"traj0"
"15",6001401500,3,3,2,2,"traj0"
"16",6001401600,3,3,2,2,"traj0"
"17",6001401700,3,3,15,3,"traj0"
"18",6001401800,3,3,3,0,"traj0"
"19",6001402200,3,3,3,0,"traj0"
"20",6001402400,3,3,3,0,"traj0"
"21",6001402500,3,3,3,0,"traj0"
"22",6001402700,3,3,3,0,"traj0"
"23",6001402800,4,4,4,0,"traj0"
"24",6001402900,4,4,4,0,"traj0"
"25",6001403000,5,5,5,0,"traj0"
"26",6001403100,6,4,4,1.85,"traj0"
"27",6001403300,5,4,4,1.85,"traj0"
"28",6001403400,2,2,4,2.31,"traj0"
"29",6001403600,2,2,2,0,"traj0"
"30",6001403800,1,7,7,2.31,"traj2"
"31",6001403900,2,7,2,4.62,"traj0"
"32",6001404000,2,2,2,0,"traj0"
"33",6001404200,1,1,1,0,"traj0"
"34",6001404300,1,1,1,0,"traj0"
"35",6001404400,1,1,1,0,"traj0"
"36",6001404501,1,1,1,0,"traj0"
"37",6001404502,1,1,1,0,"traj0"
"38",6001404600,1,1,1,0,"traj0"
"39",6001404700,1,1,1,0,"traj0"
"40",6001404800,1,1,11,3,"traj0"
"41",6001404900,1,11,11,3,"traj0"
"42",6001405000,1,1,1,0,"traj0"
"43",6001405100,1,1,1,0,"traj0"
"44",6001405200,7,2,2,2.31,"traj0"
"45",6001405500,3,3,3,0,"traj0"
"46",6001405600,3,3,3,0,"traj0"
"47",6001405700,3,3,3,0,"traj0"
"48",6001405800,3,6,6,2.31,"traj0"
"49",6001406000,3,6,6,2.31,"traj0"
"50",6001406100,6,6,6,0,"traj0"
"51",6001406201,6,6,6,0,"traj0"
"52",6001406202,6,6,6,0,"traj0"
"53",6001406300,3,6,6,2.31,"traj0"
"54",6001406400,3,3,3,0,"traj0"
"55",6001406500,3,3,6,2.31,"traj0"
"56",6001406700,1,1,11,3,"traj0"
"57",6001406800,1,1,1,0,"traj0"
"58",6001406900,1,11,11,3,"traj0"
"59",6001407000,3,6,6,2.31,"traj0"
"60",6001407200,6,6,6,0,"traj0"
"61",6001407300,3,6,6,2.31,"traj0"
"62",6001407400,3,6,6,2.31,"traj0"
"63",6001407500,3,3,3,0,"traj0"
"64",6001407600,3,3,3,0,"traj0"
"65",6001407700,3,3,3,0,"traj0"
"66",6001407800,3,3,3,0,"traj0"
"67",6001407900,1,1,1,0,"traj0"
"68",6001408000,1,1,1,0,"traj0"
"69",6001408100,8,14,14,3,"traj0"
"70",6001408200,3,3,3,0,"traj0"
"71",6001408300,3,3,3,0,"traj0"
"72",6001408400,3,3,3,0,"traj0"
"73",6001408500,3,3,3,0,"traj0"
"74",6001408600,3,3,3,0,"traj0"
"75",6001408700,3,3,3,0,"traj0"
"76",6001408800,3,3,3,0,"traj0"
"77",6001408900,3,3,3,0,"traj0"
"78",6001409000,3,3,3,0,"traj0"
"79",6001409100,3,3,3,0,"traj0"
"80",6001409200,3,3,3,0,"traj0"
"81",6001409300,3,3,6,2.31,"traj0"
"82",6001409400,3,6,6,2.31,"traj0"
"83",6001409500,3,6,3,4.62,"traj0"
"84",6001409600,3,3,3,0,"traj0"
"85",6001409700,3,3,3,0,"traj0"
"86",6001409800,3,3,3,0,"traj0"
"87",6001409900,8,8,8,0,"traj0"
"88",6001410000,8,8,8,0,"traj0"
"89",6001410100,3,3,3,0,"traj0"
"90",6001410200,3,3,3,0,"traj0"
"91",6001410300,3,3,6,2.31,"traj0"
"92",6001410400,3,3,3,0,"traj0"
"93",6001420100,1,1,1,0,"traj0"
"94",6001420200,7,7,7,0,"traj0"
"95",6001420300,9,7,7,3,"traj2"
"96",6001420500,7,7,11,3,"traj0"
"97",6001420600,1,1,1,0,"traj0"
"98",6001421100,1,1,1,0,"traj0"
"99",6001421200,1,1,1,0,"traj0"
"100",6001421300,1,1,1,0,"traj0"
"101",6001421400,1,1,1,0,"traj0"
"102",6001421500,1,1,1,0,"traj0"
"103",6001421600,1,1,1,0,"traj0"
"104",6001421700,7,7,7,0,"traj0"
"105",6001421800,1,1,1,0,"traj0"
"106",6001421900,1,1,1,0,"traj0"
"107",6001422000,2,2,15,3,"traj0"
"108",6001422100,2,2,11,3,"traj0"
"109",6001422200,2,11,7,6,"traj2"
"110",6001422300,7,7,7,0,"traj0"
"111",6001422400,10,10,10,0,"traj0"
"112",6001422500,10,10,10,0,"traj0"
"113",6001422700,10,10,10,0,"traj0"
"114",6001422800,10,10,10,0,"traj0"
"115",6001422900,10,10,10,0,"traj0"
"116",6001423000,7,7,7,0,"traj0"
"117",6001423100,2,2,7,2.31,"traj2"
"118",6001423200,2,2,2,0,"traj0"
"119",6001423300,3,2,3,4,"traj0"
"120",6001423400,2,2,2,0,"traj0"
"121",6001423500,2,2,2,0,"traj0"
"122",6001423601,7,7,7,0,"traj0"
"123",6001423602,10,10,10,0,"traj0"
"124",6001423700,7,7,7,0,"traj0"
"125",6001423800,1,1,1,0,"traj0"
"126",6001423901,2,7,7,2.31,"traj2"
"127",6001423902,7,7,7,0,"traj0"
"128",6001424001,2,2,2,0,"traj0"
"129",6001424002,3,3,2,2,"traj0"
"130",6001426100,1,1,1,0,"traj0"
"131",6001426200,1,1,1,0,"traj0"
"132",6001427100,1,1,1,0,"traj0"
"133",6001427200,11,11,11,0,"traj0"
"134",6001427300,9,1,11,6,"traj0"
"135",6001427600,3,3,6,2.31,"traj0"
"136",6001427700,9,2,2,3,"traj0"
"137",6001427800,1,11,11,3,"traj0"
"138",6001427900,1,11,11,3,"traj0"
"139",6001428000,7,2,2,2.31,"traj0"
"140",6001428100,13,11,11,2.63,"traj0"
"141",6001428200,13,1,11,6,"traj0"
"142",6001428301,1,14,14,3,"traj0"
"143",6001428302,14,14,14,0,"traj0"
"144",6001428400,7,7,7,0,"traj0"
"145",6001428500,9,7,7,3,"traj2"
"146",6001428600,9,7,7,3,"traj2"
"147",6001430200,1,1,8,2.31,"traj0"
"148",6001430300,1,1,1,0,"traj0"
"149",6001430400,1,1,1,0,"traj0"
"150",6001430500,8,13,13,3,"traj0"
"151",6001430600,8,1,1,2.31,"traj0"
"152",6001430700,1,1,1,0,"traj0"
"153",6001430800,13,1,8,5.31,"traj0"
"154",6001430900,15,15,15,0,"traj0"
"155",6001431000,15,6,6,3,"traj0"
"156",6001431100,15,15,15,0,"traj0"
"157",6001431200,13,8,8,3,"traj0"
"158",6001432100,8,1,1,2.31,"traj0"
"159",6001432200,1,13,13,3,"traj0"
"160",6001432300,6,6,13,3,"traj0"
"161",6001432400,6,6,6,0,"traj0"
"162",6001432600,6,15,15,3,"traj0"
"163",6001432700,8,1,1,2.31,"traj0"
"164",6001432800,8,1,1,2.31,"traj0"
"165",6001433000,8,13,13,3,"traj0"
"166",6001433102,8,11,6,6,"traj0"
"167",6001433200,6,15,15,3,"traj0"
"168",6001433300,8,13,13,3,"traj0"
"169",6001433400,9,13,9,5.26,"traj0"
"170",6001433500,8,13,13,3,"traj0"
"171",6001433600,8,6,6,2.14,"traj0"
"172",6001433700,6,6,6,0,"traj0"
"173",6001433800,6,6,6,0,"traj0"
"174",6001433900,3,3,6,2.31,"traj0"
"175",6001434000,3,6,6,2.31,"traj0"
"176",6001435102,14,14,14,0,"traj0"
"177",6001435200,8,13,13,3,"traj0"
"178",6001435300,8,3,3,2.31,"traj0"
"179",6001435400,6,15,15,3,"traj0"
"180",6001435500,6,6,6,0,"traj0"
"181",6001435700,8,13,13,3,"traj0"
"182",6001435800,8,13,13,3,"traj0"
"183",6001436000,8,13,13,3,"traj0"
"184",6001436100,8,6,6,2.14,"traj0"
"185",6001436200,3,6,6,2.31,"traj0"
"186",6001436300,6,6,6,0,"traj0"
"187",6001436401,8,13,13,3,"traj0"
"188",6001436402,8,1,1,2.31,"traj0"
"189",6001436500,6,15,15,3,"traj0"
"190",6001436601,3,6,6,2.31,"traj0"
"191",6001436602,6,6,6,0,"traj0"
"192",6001436700,6,6,6,0,"traj0"
"193",6001436800,6,6,6,0,"traj0"
"194",6001436900,3,6,6,2.31,"traj0"
"195",6001437000,8,13,13,3,"traj0"
"196",6001437200,6,13,13,3,"traj0"
"197",6001437300,8,6,6,2.14,"traj0"
"198",6001437500,6,6,6,0,"traj0"
"199",6001437600,6,6,6,0,"traj0"
"200",6001437800,8,13,13,3,"traj0"
"201",6001437900,6,6,6,0,"traj0"
"202",6001438000,8,13,6,6,"traj0"
"203",6001438100,8,13,13,3,"traj0"
"204",6001438201,6,6,6,0,"traj0"
"205",6001438300,11,6,6,3,"traj0"
"206",6001438400,8,13,13,3,"traj0"
"207",6001440100,8,13,13,3,"traj0"
"208",6001440200,6,6,6,0,"traj0"
"209",6001440301,6,13,13,3,"traj0"
"210",6001440304,9,14,9,5.26,"traj0"
"211",6001440306,9,9,9,0,"traj0"
"212",6001440307,6,13,13,3,"traj0"
"213",6001440308,6,9,9,3,"traj0"
"214",6001440331,6,9,9,3,"traj0"
"215",6001441100,8,1,1,2.31,"traj0"
"216",6001441200,1,13,8,6,"traj0"
"217",6001441301,9,9,9,0,"traj0"
"218",6001441302,1,13,8,6,"traj0"
"219",6001441401,9,13,9,5.26,"traj0"
"220",6001441402,9,14,14,2.63,"traj0"
"221",6001441501,14,14,14,0,"traj0"
"222",6001441503,14,14,14,0,"traj0"
"223",6001441521,14,14,14,0,"traj0"
"224",6001441522,9,14,14,2.63,"traj0"
"225",6001441601,8,13,13,3,"traj0"
"226",6001441602,8,13,9,5.63,"traj0"
"227",6001441700,6,13,13,3,"traj0"
"228",6001441800,8,13,13,3,"traj0"
"229",6001441921,6,15,13,4.96,"traj0"
"230",6001441923,15,15,15,0,"traj0"
"231",6001442000,14,14,14,0,"traj0"
"232",6001442100,14,14,14,0,"traj0"
"233",6001442200,1,14,14,3,"traj0"
"234",6001442400,8,13,13,3,"traj0"
"235",6001442500,8,13,13,3,"traj0"
"236",6001442700,8,1,1,2.31,"traj0"
"237",6001442800,1,13,13,3,"traj0"
"238",6001442900,1,13,13,3,"traj0"
"239",6001443001,8,13,13,3,"traj0"
"240",6001443002,8,13,13,3,"traj0"
"241",6001443102,14,14,14,0,"traj0"
"242",6001443103,14,14,14,0,"traj0"
"243",6001443200,14,14,14,0,"traj0"
"244",6001443301,14,14,14,0,"traj0"
"245",6001444100,8,1,1,2.31,"traj0"
"246",6001444200,8,13,13,3,"traj0"
"247",6001444400,6,6,13,3,"traj0"
"248",6001444500,6,13,13,3,"traj0"
"249",6001450200,15,15,15,0,"traj0"
"250",6001450300,8,8,1,2.31,"traj0"
"251",6001450400,8,1,1,2.31,"traj0"
"252",6001450601,1,1,8,2.31,"traj0"
"253",6001450602,8,1,8,4.62,"traj0"
"254",6001450603,8,8,8,0,"traj0"
"255",6001450604,8,8,8,0,"traj0"
"256",6001450605,8,1,8,4.62,"traj0"
"257",6001450606,8,14,14,3,"traj0"
"258",6001450607,15,15,15,0,"traj0"
"259",6001450701,1,1,14,3,"traj0"
"260",6001450741,13,1,1,3,"traj0"
"261",6001450742,8,1,14,5.31,"traj0"
"262",6001451101,8,1,8,4.62,"traj0"
"263",6001451102,8,1,1,2.31,"traj0"
"264",6001451201,8,8,8,0,"traj0"
"265",6001451202,8,8,1,2.31,"traj0"
"266",6001451300,8,8,8,0,"traj0"
"267",6001451401,8,1,1,2.31,"traj0"
"268",6001451501,13,1,1,3,"traj0"
"269",6001451503,1,8,1,4.62,"traj0"
"270",6001451601,8,1,8,4.62,"traj0"
"271",6001451602,13,8,1,5.31,"traj0"
"272",6013301000,13,8,8,3,"traj0"
"273",6013305000,13,3,3,3,"traj0"
"274",6013306002,13,13,13,0,"traj0"
"275",6013307101,13,13,13,0,"traj0"
"276",6013307102,13,13,6,3,"traj0"
"277",6013307201,13,3,3,3,"traj0"
"278",6013307202,3,6,6,2.31,"traj0"
"279",6013307204,13,13,13,0,"traj0"
"280",6013307205,8,3,6,4.62,"traj0"
"281",6013308001,13,13,13,0,"traj0"
"282",6013308002,8,8,8,0,"traj0"
"283",6013309000,8,15,15,3,"traj0"
"284",6013310000,3,3,3,0,"traj0"
"285",6013311000,3,3,3,0,"traj0"
"286",6013312000,3,3,3,0,"traj0"
"287",6013313101,6,3,3,2.31,"traj0"
"288",6013313102,8,3,13,5.31,"traj0"
"289",6013313103,8,13,13,3,"traj0"
"290",6013314102,6,13,6,6,"traj0"
"291",6013314103,6,3,3,2.31,"traj0"
"292",6013314104,6,6,6,0,"traj0"
"293",6013314200,13,6,6,3,"traj0"
"294",6013315000,8,8,8,0,"traj0"
"295",6013316000,2,2,2,0,"traj0"
"296",6013317000,13,1,13,6,"traj0"
"297",6013318000,13,13,1,3,"traj0"
"298",6013319000,13,13,8,3,"traj0"
"299",6013320001,13,8,6,5.14,"traj0"
"300",6013321101,8,8,8,0,"traj0"
"301",6013321102,8,8,1,2.31,"traj0"
"302",6013321103,8,1,1,2.31,"traj0"
"303",6013321200,13,8,15,6,"traj0"
"304",6013322000,8,1,1,2.31,"traj0"
"305",6013323000,1,1,1,0,"traj0"
"306",6013325000,1,1,1,0,"traj0"
"307",6013326000,1,8,1,4.62,"traj0"
"308",6013327000,13,13,13,0,"traj0"
"309",6013328000,4,4,4,0,"traj0"
"310",6013329000,13,8,8,3,"traj0"
"311",6013330000,13,1,8,5.31,"traj0"
"312",6013331000,13,8,8,3,"traj0"
"313",6013332000,13,8,8,3,"traj0"
"314",6013333200,8,1,8,4.62,"traj0"
"315",6013334001,13,8,8,3,"traj0"
"316",6013334004,13,8,8,3,"traj0"
"317",6013335000,13,1,8,5.31,"traj0"
"318",6013336101,6,6,6,0,"traj0"
"319",6013336102,6,6,6,0,"traj0"
"320",6013337100,8,1,8,4.62,"traj0"
"321",6013337200,13,13,8,3,"traj0"
"322",6013337300,1,1,1,0,"traj0"
"323",6013338201,8,1,1,2.31,"traj0"
"324",6013338301,1,1,1,0,"traj0"
"325",6013338302,1,1,1,0,"traj0"
"326",6013340001,13,1,1,3,"traj0"
"327",6013340002,1,1,1,0,"traj0"
"328",6013341000,1,1,1,0,"traj0"
"329",6013343001,13,1,1,3,"traj0"
"330",6013343002,1,1,1,0,"traj0"
"331",6013343003,1,1,1,0,"traj0"
"332",6013345101,8,8,1,2.31,"traj0"
"333",6013345102,8,1,8,4.62,"traj0"
"334",6013345103,8,1,1,2.31,"traj0"
"335",6013345105,8,1,8,4.62,"traj0"
"336",6013345108,8,1,14,5.31,"traj0"
"337",6013345202,8,1,1,2.31,"traj0"
"338",6013346101,1,1,1,0,"traj0"
"339",6013346102,1,1,1,0,"traj0"
"340",6013346201,1,1,1,0,"traj0"
"341",6013347000,1,1,1,0,"traj0"
"342",6013348000,1,1,1,0,"traj0"
"343",6013349000,1,1,1,0,"traj0"
"344",6013350000,1,1,1,0,"traj0"
"345",6013351200,1,1,1,0,"traj0"
"346",6013352101,14,14,14,0,"traj0"
"347",6013352102,1,1,1,0,"traj0"
"348",6013352201,1,1,1,0,"traj0"
"349",6013352202,1,1,1,0,"traj0"
"350",6013353001,1,1,1,0,"traj0"
"351",6013353002,1,1,1,0,"traj0"
"352",6013354001,1,1,1,0,"traj0"
"353",6013354002,1,1,1,0,"traj0"
"354",6013355200,8,14,14,3,"traj0"
"355",6013355301,8,1,1,2.31,"traj0"
"356",6013355302,1,1,1,0,"traj0"
"357",6013355304,8,1,1,2.31,"traj0"
"358",6013356001,8,13,13,3,"traj0"
"359",6013356002,8,8,14,3,"traj0"
"360",6013357000,13,1,1,3,"traj0"
"361",6013358000,13,6,6,3,"traj0"
"362",6013359102,8,13,13,3,"traj0"
"363",6013359202,8,1,1,2.31,"traj0"
"364",6013359203,8,13,13,3,"traj0"
"365",6013359204,14,14,14,0,"traj0"
"366",6013360200,8,13,13,3,"traj0"
"367",6013361000,8,13,13,3,"traj0"
"368",6013362000,1,1,1,0,"traj0"
"369",6013363000,8,13,13,3,"traj0"
"370",6013364002,8,13,6,6,"traj0"
"371",6013365002,3,6,6,2.31,"traj0"
"372",6013366001,3,6,6,2.31,"traj0"
"373",6013366002,3,6,6,2.31,"traj0"
"374",6013367100,13,3,3,3,"traj0"
"375",6013367200,3,6,6,2.31,"traj0"
"376",6013369001,6,6,6,0,"traj0"
"377",6013369002,8,13,13,3,"traj0"
"378",6013370000,1,11,11,3,"traj0"
"379",6013371000,6,6,6,0,"traj0"
"380",6013372000,6,6,6,0,"traj0"
"381",6013373000,3,6,6,2.31,"traj0"
"382",6013374000,6,6,6,0,"traj0"
"383",6013375000,3,6,6,2.31,"traj0"
"384",6013376000,3,3,6,2.31,"traj0"
"385",6013377000,3,3,6,2.31,"traj0"
"386",6013378000,13,1,1,3,"traj0"
"387",6013379000,3,3,3,0,"traj0"
"388",6013380000,15,15,15,0,"traj0"
"389",6013381000,3,3,3,0,"traj0"
"390",6013382000,3,3,3,0,"traj0"
"391",6013383000,1,11,11,3,"traj0"
"392",6013384000,1,1,1,0,"traj0"
"393",6013385100,1,1,1,0,"traj0"
"394",6013385200,1,1,1,0,"traj0"
"395",6013386000,7,2,2,2.31,"traj0"
"396",6013387000,7,1,11,5.31,"traj0"
"397",6013388000,7,11,11,3,"traj0"
"398",6013389100,7,11,11,3,"traj0"
"399",6013389200,7,2,2,2.31,"traj0"
"400",6013390100,1,1,1,0,"traj0"
"401",6013390200,1,1,1,0,"traj0"
"402",6013391000,1,1,1,0,"traj0"
"403",6013392000,1,1,1,0,"traj0"
"404",6041101100,8,1,1,2.31,"traj0"
"405",6041101200,1,1,8,2.31,"traj0"
"406",6041102100,8,8,8,0,"traj0"
"407",6041103100,8,8,8,0,"traj0"
"408",6041103200,13,8,1,5.31,"traj0"
"409",6041104101,8,8,8,0,"traj0"
"410",6041104102,13,8,8,3,"traj0"
"411",6041104200,13,1,8,5.31,"traj0"
"412",6041104300,8,8,1,2.31,"traj0"
"413",6041105000,13,8,8,3,"traj0"
"414",6041106001,15,15,15,0,"traj0"
"415",6041106002,13,1,8,5.31,"traj0"
"416",6041107000,1,1,1,0,"traj0"
"417",6041108100,1,1,1,0,"traj0"
"418",6041108200,13,1,1,3,"traj0"
"419",6041110100,1,1,1,0,"traj0"
"420",6041110200,1,1,1,0,"traj0"
"421",6041111000,13,1,15,6,"traj0"
"422",6041112100,13,1,15,6,"traj0"
"423",6041113000,1,1,1,0,"traj0"
"424",6041114100,1,1,1,0,"traj0"
"425",6041114200,1,1,1,0,"traj0"
"426",6041115000,1,1,1,0,"traj0"
"427",6041116000,1,1,1,0,"traj0"
"428",6041117000,1,1,1,0,"traj0"
"429",6041118100,1,1,1,0,"traj0"
"430",6041119100,1,1,1,0,"traj0"
"431",6041120000,1,1,1,0,"traj0"
"432",6041121100,1,1,1,0,"traj0"
"433",6041121200,1,1,1,0,"traj0"
"434",6041123000,1,1,1,0,"traj0"
"435",6041124100,1,1,1,0,"traj0"
"436",6041124200,1,1,1,0,"traj0"
"437",6041125000,1,1,1,0,"traj0"
"438",6041126100,1,1,1,0,"traj0"
"439",6041126200,1,1,1,0,"traj0"
"440",6041127000,1,1,1,0,"traj0"
"441",6041128100,1,1,1,0,"traj0"
"442",6041128200,1,1,1,0,"traj0"
"443",6041129000,15,2,2,3,"traj0"
"444",6041132100,1,1,1,0,"traj0"
"445",6041132200,13,1,1,3,"traj0"
"446",6041133000,13,1,8,5.31,"traj0"
"447",6055200201,13,13,13,0,"traj0"
"448",6055200202,13,13,6,3,"traj0"
"449",6055200203,13,13,13,0,"traj0"
"450",6055200400,1,1,8,2.31,"traj0"
"451",6055200501,13,6,6,3,"traj0"
"452",6055200503,13,13,6,3,"traj0"
"453",6055200703,8,8,8,0,"traj0"
"454",6055200802,13,13,8,3,"traj0"
"455",6055201200,13,8,8,3,"traj0"
"456",6055201300,1,1,1,0,"traj0"
"457",6055201500,13,1,1,3,"traj0"
"458",6055201700,13,1,1,3,"traj0"
"459",6055201800,13,8,8,3,"traj0"
"460",6055202000,13,13,13,0,"traj0"
"461",6075010100,2,2,2,0,"traj0"
"462",6075010200,7,7,7,0,"traj0"
"463",6075010300,7,7,7,0,"traj0"
"464",6075010400,7,7,7,0,"traj0"
"465",6075010500,7,7,7,0,"traj0"
"466",6075010600,5,5,5,0,"traj0"
"467",6075010700,5,5,5,0,"traj0"
"468",6075010800,5,7,7,2.14,"traj2"
"469",6075010900,7,7,7,0,"traj0"
"470",6075011000,5,5,7,2.14,"traj2"
"471",6075011100,5,2,2,2.31,"traj0"
"472",6075011200,7,7,7,0,"traj0"
"473",6075011300,5,5,5,0,"traj0"
"474",6075011700,5,4,4,1.85,"traj0"
"475",6075011800,5,5,5,0,"traj0"
"476",6075012000,2,2,2,0,"traj0"
"477",6075012100,2,2,2,0,"traj0"
"478",6075012700,7,7,7,0,"traj0"
"479",6075012800,7,7,7,0,"traj0"
"480",6075013000,7,7,7,0,"traj0"
"481",6075013200,7,7,7,0,"traj0"
"482",6075013300,7,7,7,0,"traj0"
"483",6075013400,7,7,7,0,"traj0"
"484",6075013500,7,7,7,0,"traj0"
"485",6075015100,7,7,7,0,"traj0"
"486",6075015200,7,7,7,0,"traj0"
"487",6075015300,7,7,7,0,"traj0"
"488",6075015400,7,7,7,0,"traj0"
"489",6075015500,2,2,2,0,"traj0"
"490",6075015600,7,7,7,0,"traj0"
"491",6075015700,7,7,7,0,"traj0"
"492",6075015900,2,2,2,0,"traj0"
"493",6075016000,7,2,2,2.31,"traj0"
"494",6075016100,4,4,4,0,"traj0"
"495",6075016200,2,2,2,0,"traj0"
"496",6075016300,2,2,2,0,"traj0"
"497",6075016400,7,2,2,2.31,"traj0"
"498",6075016500,7,7,2,2.31,"traj0"
"499",6075016600,7,2,2,2.31,"traj0"
"500",6075016700,7,7,7,0,"traj0"
"501",6075016900,7,7,7,0,"traj0"
"502",6075017000,7,7,7,0,"traj0"
"503",6075017601,2,4,4,2.31,"traj0"
"504",6075017700,2,2,2,0,"traj0"
"505",6075017902,10,2,2,3,"traj0"
"506",6075018000,4,15,15,3,"traj0"
"507",6075020100,2,2,2,0,"traj0"
"508",6075020200,2,2,2,0,"traj0"
"509",6075020300,7,7,7,0,"traj0"
"510",6075020500,7,7,7,0,"traj0"
"511",6075020600,7,7,7,0,"traj0"
"512",6075020700,7,7,7,0,"traj0"
"513",6075020800,2,2,2,0,"traj0"
"514",6075020900,2,2,2,0,"traj0"
"515",6075021000,7,7,7,0,"traj0"
"516",6075021100,7,7,7,0,"traj0"
"517",6075021200,7,7,7,0,"traj0"
"518",6075021300,7,7,7,0,"traj0"
"519",6075021400,7,7,7,0,"traj0"
"520",6075021500,7,7,7,0,"traj0"
"521",6075021600,7,7,7,0,"traj0"
"522",6075021700,1,7,7,2.31,"traj2"
"523",6075021800,7,7,7,0,"traj0"
"524",6075022702,7,7,7,0,"traj0"
"525",6075022801,2,11,11,3,"traj0"
"526",6075022802,11,11,11,0,"traj0"
"527",6075022803,2,2,2,0,"traj0"
"528",6075022901,2,2,2,0,"traj0"
"529",6075022902,2,2,11,3,"traj0"
"530",6075022903,2,11,11,3,"traj0"
"531",6075023001,11,11,11,0,"traj0"
"532",6075023003,11,11,11,0,"traj0"
"533",6075023102,3,3,3,0,"traj0"
"534",6075023103,3,3,3,0,"traj0"
"535",6075023200,3,3,3,0,"traj0"
"536",6075023300,11,9,9,2.07,"traj0"
"537",6075023400,3,6,6,2.31,"traj0"
"538",6075025100,11,7,7,3,"traj2"
"539",6075025200,11,7,7,3,"traj2"
"540",6075025300,11,7,11,6,"traj0"
"541",6075025401,11,11,11,0,"traj0"
"542",6075025402,11,7,7,3,"traj2"
"543",6075025403,11,11,11,0,"traj0"
"544",6075025500,11,11,11,0,"traj0"
"545",6075025600,11,11,11,0,"traj0"
"546",6075025800,11,11,11,0,"traj0"
"547",6075025900,11,11,11,0,"traj0"
"548",6075026001,11,11,11,0,"traj0"
"549",6075026002,11,11,11,0,"traj0"
"550",6075026003,11,11,11,0,"traj0"
"551",6075026004,11,11,11,0,"traj0"
"552",6075026100,11,11,11,0,"traj0"
"553",6075026200,11,11,11,0,"traj0"
"554",6075026301,11,11,11,0,"traj0"
"555",6075026302,11,11,11,0,"traj0"
"556",6075026303,11,11,11,0,"traj0"
"557",6075026401,11,11,11,0,"traj0"
"558",6075026402,11,11,11,0,"traj0"
"559",6075026403,11,11,11,0,"traj0"
"560",6075026404,11,11,11,0,"traj0"
"561",6075030101,7,7,7,0,"traj0"
"562",6075030102,1,7,7,2.31,"traj2"
"563",6075030201,7,7,7,0,"traj0"
"564",6075030202,7,7,7,0,"traj0"
"565",6075030301,7,7,7,0,"traj0"
"566",6075030302,1,11,11,3,"traj0"
"567",6075030400,1,1,1,0,"traj0"
"568",6075030500,1,1,1,0,"traj0"
"569",6075030600,1,1,1,0,"traj0"
"570",6075030700,1,1,1,0,"traj0"
"571",6075030800,1,1,1,0,"traj0"
"572",6075030900,1,1,1,0,"traj0"
"573",6075031000,1,7,11,5.31,"traj0"
"574",6075031100,11,7,7,3,"traj2"
"575",6075031400,11,11,11,0,"traj0"
"576",6075032700,11,11,11,0,"traj0"
"577",6075033000,11,11,11,0,"traj0"
"578",6075033100,1,14,11,5.63,"traj0"
"579",6075033201,10,10,10,0,"traj0"
"580",6075035100,11,11,11,0,"traj0"
"581",6075035201,11,11,11,0,"traj0"
"582",6075035202,7,7,7,0,"traj0"
"583",6075035300,11,11,11,0,"traj0"
"584",6075035400,11,11,11,0,"traj0"
"585",6075040100,7,7,7,0,"traj0"
"586",6075040200,7,7,7,0,"traj0"
"587",6075042700,7,7,7,0,"traj0"
"588",6075042800,1,1,1,0,"traj0"
"589",6075045100,7,7,7,0,"traj0"
"590",6075045200,7,7,7,0,"traj0"
"591",6075047600,7,7,7,0,"traj0"
"592",6075047701,7,7,7,0,"traj0"
"593",6075047702,7,7,7,0,"traj0"
"594",6075047901,7,11,7,6,"traj0"
"595",6075047902,7,7,7,0,"traj0"
"596",6075060100,10,7,7,3,"traj2"
"597",6075060400,7,4,15,5.14,"traj0"
"598",6075060502,3,6,6,2.31,"traj0"
"599",6075061000,11,13,14,4.59,"traj0"
"600",6081600100,13,1,1,3,"traj0"
"601",6081600200,11,11,11,0,"traj0"
"602",6081600300,9,14,9,5.26,"traj0"
"603",6081600500,11,9,9,2.07,"traj0"
"604",6081600600,11,11,11,0,"traj0"
"605",6081600700,11,11,11,0,"traj0"
"606",6081600800,15,15,15,0,"traj0"
"607",6081600900,1,14,13,4.96,"traj0"
"608",6081601000,11,13,13,2.63,"traj0"
"609",6081601200,11,13,13,2.63,"traj0"
"610",6081601300,6,6,6,0,"traj0"
"611",6081601400,9,13,9,5.26,"traj0"
"612",6081601501,9,9,9,0,"traj0"
"613",6081601502,15,15,15,0,"traj0"
"614",6081601601,6,13,13,3,"traj0"
"615",6081601603,9,14,14,2.63,"traj0"
"616",6081601605,9,9,9,0,"traj0"
"617",6081601700,8,1,1,2.31,"traj0"
"618",6081601800,8,13,1,6,"traj0"
"619",6081602000,1,1,9,3,"traj0"
"620",6081602100,6,6,6,0,"traj0"
"621",6081602200,6,6,6,0,"traj0"
"622",6081602300,6,6,6,0,"traj0"
"623",6081602400,1,13,13,3,"traj0"
"624",6081602500,9,14,14,2.63,"traj0"
"625",6081602700,9,13,13,2.63,"traj0"
"626",6081602800,9,13,13,2.63,"traj0"
"627",6081602900,13,1,1,3,"traj0"
"628",6081603000,13,1,1,3,"traj0"
"629",6081603100,1,1,1,0,"traj0"
"630",6081603200,1,1,1,0,"traj0"
"631",6081603300,1,1,1,0,"traj0"
"632",6081603400,8,1,1,2.31,"traj0"
"633",6081603700,1,1,1,0,"traj0"
"634",6081603900,1,1,1,0,"traj0"
"635",6081604000,1,1,1,0,"traj0"
"636",6081604101,6,6,6,0,"traj0"
"637",6081604102,15,15,15,0,"traj0"
"638",6081604200,6,6,6,0,"traj0"
"639",6081604400,11,11,13,2.63,"traj0"
"640",6081604500,1,1,1,0,"traj0"
"641",6081604600,1,14,14,3,"traj0"
"642",6081604700,1,14,14,3,"traj0"
"643",6081604800,9,1,13,6,"traj0"
"644",6081604900,1,14,14,3,"traj0"
"645",6081605000,8,1,14,5.31,"traj0"
"646",6081605100,13,1,1,3,"traj0"
"647",6081605200,1,1,1,0,"traj0"
"648",6081605300,13,1,1,3,"traj0"
"649",6081605400,13,1,1,3,"traj0"
"650",6081605500,7,1,1,2.31,"traj0"
"651",6081605600,1,1,1,0,"traj0"
"652",6081605700,1,1,1,0,"traj0"
"653",6081605800,1,1,1,0,"traj0"
"654",6081605900,15,6,6,3,"traj0"
"655",6081606000,15,15,6,3,"traj0"
"656",6081606100,8,1,6,4.62,"traj0"
"657",6081606200,6,6,6,0,"traj0"
"658",6081606300,15,1,6,5.31,"traj0"
"659",6081606400,7,7,1,2.31,"traj0"
"660",6081606500,1,1,1,0,"traj0"
"661",6081606600,13,1,1,3,"traj0"
"662",6081606700,1,1,1,0,"traj0"
"663",6081606800,8,1,14,5.31,"traj0"
"664",6081606900,1,1,1,0,"traj0"
"665",6081607000,8,1,1,2.31,"traj0"
"666",6081607100,1,1,1,0,"traj0"
"667",6081607200,11,7,7,3,"traj2"
"668",6081607300,1,1,1,0,"traj0"
"669",6081607400,13,13,1,3,"traj0"
"670",6081607500,1,15,15,3,"traj0"
"671",6081607600,1,1,1,0,"traj0"
"672",6081607701,8,13,6,6,"traj0"
"673",6081607702,8,13,13,3,"traj0"
"674",6081607800,1,1,1,0,"traj0"
"675",6081607900,8,1,1,2.31,"traj0"
"676",6081608001,9,9,1,3,"traj0"
"677",6081608004,9,1,1,3,"traj0"
"678",6081608013,14,14,9,2.63,"traj0"
"679",6081608023,8,14,14,3,"traj0"
"680",6081608100,1,8,9,5.31,"traj0"
"681",6081608200,1,8,14,5.31,"traj0"
"682",6081608300,9,9,9,0,"traj0"
"683",6081608400,15,7,1,5.31,"traj0"
"684",6081608501,1,1,1,0,"traj0"
"685",6081608502,9,8,1,5.31,"traj0"
"686",6081608600,13,1,1,3,"traj0"
"687",6081608700,1,1,14,3,"traj0"
"688",6081608800,1,1,1,0,"traj0"
"689",6081608900,9,1,1,3,"traj0"
"690",6081609000,1,1,14,3,"traj0"
"691",6081609100,1,11,1,6,"traj0"
"692",6081609300,1,1,1,0,"traj0"
"693",6081609400,1,1,1,0,"traj0"
"694",6081609500,1,1,1,0,"traj0"
"695",6081609601,8,1,1,2.31,"traj0"
"696",6081609602,1,1,1,0,"traj0"
"697",6081609603,8,1,1,2.31,"traj0"
"698",6081609700,1,1,1,0,"traj0"
"699",6081609800,1,1,1,0,"traj0"
"700",6081609900,1,1,1,0,"traj0"
"701",6081610000,13,1,1,3,"traj0"
"702",6081610100,6,6,6,0,"traj0"
"703",6081610201,6,6,6,0,"traj0"
"704",6081610202,4,4,4,0,"traj0"
"705",6081610203,6,6,6,0,"traj0"
"706",6081610302,15,15,15,0,"traj0"
"707",6081610303,14,14,14,0,"traj0"
"708",6081610304,8,8,8,0,"traj0"
"709",6081610400,6,6,6,0,"traj0"
"710",6081610500,6,6,6,0,"traj0"
"711",6081610601,6,6,6,0,"traj0"
"712",6081610602,13,1,1,3,"traj0"
"713",6081610700,6,15,8,6,"traj0"
"714",6081610800,6,6,6,0,"traj0"
"715",6081610900,6,6,6,0,"traj0"
"716",6081611000,13,1,8,5.31,"traj0"
"717",6081611100,1,1,1,0,"traj0"
"718",6081611300,1,1,1,0,"traj0"
"719",6081611400,1,1,1,0,"traj0"
"720",6081611500,1,1,1,0,"traj0"
"721",6081611600,1,1,1,0,"traj0"
"722",6081611700,3,6,6,2.31,"traj0"
"723",6081611800,3,6,6,2.31,"traj0"
"724",6081611900,3,6,6,2.31,"traj0"
"725",6081612000,3,6,6,2.31,"traj0"
"726",6081612100,6,6,6,0,"traj0"
"727",6081612500,1,7,7,2.31,"traj2"
"728",6081612600,1,7,7,2.31,"traj2"
"729",6081612700,1,1,1,0,"traj0"
"730",6081612800,1,1,1,0,"traj0"
"731",6081612900,1,1,1,0,"traj0"
"732",6081613000,1,1,1,0,"traj0"
"733",6081613200,1,1,1,0,"traj0"
"734",6081613300,1,1,1,0,"traj0"
"735",6081613400,1,1,1,0,"traj0"
"736",6081613501,13,13,8,3,"traj0"
"737",6081613502,8,1,8,4.62,"traj0"
"738",6081613600,8,1,8,4.62,"traj0"
"739",6081613700,13,13,13,0,"traj0"
"740",6081613800,13,1,8,5.31,"traj0"
"741",6085500100,6,6,6,0,"traj0"
"742",6085500200,6,15,15,3,"traj0"
"743",6085500300,13,15,15,1.96,"traj0"
"744",6085500400,13,15,15,1.96,"traj0"
"745",6085500500,1,1,1,0,"traj0"
"746",6085500600,13,15,15,1.96,"traj0"
"747",6085500800,6,15,15,3,"traj0"
"748",6085500901,6,15,15,3,"traj0"
"749",6085500902,6,10,10,3,"traj0"
"750",6085501000,6,6,6,0,"traj0"
"751",6085501200,6,6,6,0,"traj0"
"752",6085501300,11,11,11,0,"traj0"
"753",6085501501,6,6,6,0,"traj0"
"754",6085501502,6,6,6,0,"traj0"
"755",6085501600,6,6,6,0,"traj0"
"756",6085501700,6,6,6,0,"traj0"
"757",6085501800,13,6,6,3,"traj0"
"758",6085501900,6,15,15,3,"traj0"
"759",6085502001,6,6,6,0,"traj0"
"760",6085502002,6,6,6,0,"traj0"
"761",6085502101,13,1,1,3,"traj0"
"762",6085502102,6,6,6,0,"traj0"
"763",6085502201,6,6,6,0,"traj0"
"764",6085502202,13,15,1,4.96,"traj0"
"765",6085502400,1,1,1,0,"traj0"
"766",6085502500,1,1,1,0,"traj0"
"767",6085502601,1,1,1,0,"traj0"
"768",6085502701,13,1,1,3,"traj0"
"769",6085502702,13,1,1,3,"traj0"
"770",6085502800,1,1,1,0,"traj0"
"771",6085502901,1,1,1,0,"traj0"
"772",6085502902,1,1,1,0,"traj0"
"773",6085502903,1,1,1,0,"traj0"
"774",6085502906,13,8,8,3,"traj0"
"775",6085502907,1,1,1,0,"traj0"
"776",6085502908,13,1,1,3,"traj0"
"777",6085502909,13,8,8,3,"traj0"
"778",6085502910,13,8,8,3,"traj0"
"779",6085503001,1,1,1,0,"traj0"
"780",6085503002,1,1,1,0,"traj0"
"781",6085503003,1,1,1,0,"traj0"
"782",6085503105,6,6,6,0,"traj0"
"783",6085503108,6,15,15,3,"traj0"
"784",6085503110,6,6,6,0,"traj0"
"785",6085503111,6,6,6,0,"traj0"
"786",6085503112,6,6,13,3,"traj0"
"787",6085503113,6,6,6,0,"traj0"
"788",6085503115,15,13,13,1.96,"traj0"
"789",6085503116,9,13,13,2.63,"traj0"
"790",6085503204,6,6,6,0,"traj0"
"791",6085503207,9,9,9,0,"traj0"
"792",6085503208,6,6,6,0,"traj0"
"793",6085503210,6,6,6,0,"traj0"
"794",6085503211,9,9,6,3,"traj0"
"795",6085503212,9,9,9,0,"traj0"
"796",6085503213,6,6,6,0,"traj0"
"797",6085503214,6,6,6,0,"traj0"
"798",6085503217,6,6,6,0,"traj0"
"799",6085503218,6,6,6,0,"traj0"
"800",6085503304,6,6,6,0,"traj0"
"801",6085503305,6,6,6,0,"traj0"
"802",6085503306,6,6,6,0,"traj0"
"803",6085503312,8,13,13,3,"traj0"
"804",6085503313,14,14,14,0,"traj0"
"805",6085503315,9,9,9,0,"traj0"
"806",6085503321,14,14,14,0,"traj0"
"807",6085503322,9,9,9,0,"traj0"
"808",6085503323,9,9,9,0,"traj0"
"809",6085503324,14,9,14,5.26,"traj0"
"810",6085503325,9,9,9,0,"traj0"
"811",6085503326,14,14,14,0,"traj0"
"812",6085503327,9,13,13,2.63,"traj0"
"813",6085503401,6,6,6,0,"traj0"
"814",6085503402,6,6,6,0,"traj0"
"815",6085503504,6,6,6,0,"traj0"
"816",6085503506,6,6,6,0,"traj0"
"817",6085503507,6,6,6,0,"traj0"
"818",6085503508,6,6,6,0,"traj0"
"819",6085503509,6,6,6,0,"traj0"
"820",6085503510,6,6,6,0,"traj0"
"821",6085503511,6,9,6,6,"traj0"
"822",6085503601,6,6,6,0,"traj0"
"823",6085503602,6,6,6,0,"traj0"
"824",6085503703,6,6,6,0,"traj0"
"825",6085503707,6,6,6,0,"traj0"
"826",6085503708,6,9,9,3,"traj0"
"827",6085503709,6,6,6,0,"traj0"
"828",6085503802,6,6,13,3,"traj0"
"829",6085503803,14,13,9,4.59,"traj0"
"830",6085503804,9,13,6,5.63,"traj0"
"831",6085504001,6,6,6,0,"traj0"
"832",6085504002,6,6,6,0,"traj0"
"833",6085504101,6,6,6,0,"traj0"
"834",6085504102,6,6,6,0,"traj0"
"835",6085504201,1,1,1,0,"traj0"
"836",6085504202,8,1,8,4.62,"traj0"
"837",6085504307,9,14,9,5.26,"traj0"
"838",6085504308,8,13,14,4.96,"traj0"
"839",6085504311,14,14,14,0,"traj0"
"840",6085504314,9,14,9,5.26,"traj0"
"841",6085504316,14,9,9,2.63,"traj0"
"842",6085504318,15,9,9,2.63,"traj0"
"843",6085504319,14,9,9,2.63,"traj0"
"844",6085504320,14,14,14,0,"traj0"
"845",6085504321,9,9,9,0,"traj0"
"846",6085504410,9,9,9,0,"traj0"
"847",6085504411,9,13,9,5.26,"traj0"
"848",6085504412,9,9,9,0,"traj0"
"849",6085504413,14,14,14,0,"traj0"
"850",6085504414,14,14,14,0,"traj0"
"851",6085504415,14,14,14,0,"traj0"
"852",6085504416,14,14,14,0,"traj0"
"853",6085504418,6,6,9,3,"traj0"
"854",6085504420,14,14,14,0,"traj0"
"855",6085504421,14,14,14,0,"traj0"
"856",6085504422,9,9,9,0,"traj0"
"857",6085504504,13,13,13,0,"traj0"
"858",6085504505,9,9,9,0,"traj0"
"859",6085504506,9,9,9,0,"traj0"
"860",6085504507,9,13,9,5.26,"traj0"
"861",6085504602,6,6,13,3,"traj0"
"862",6085504802,9,13,13,2.63,"traj0"
"863",6085504803,9,9,9,0,"traj0"
"864",6085504805,15,15,15,0,"traj0"
"865",6085504806,9,13,13,2.63,"traj0"
"866",6085504901,15,9,9,2.63,"traj0"
"867",6085505001,9,9,9,0,"traj0"
"868",6085505007,9,13,13,2.63,"traj0"
"869",6085505100,6,15,15,3,"traj0"
"870",6085505202,6,13,6,6,"traj0"
"871",6085505203,7,15,15,3,"traj0"
"872",6085505301,9,13,13,2.63,"traj0"
"873",6085505302,1,1,1,0,"traj0"
"874",6085505303,9,6,13,6,"traj0"
"875",6085505304,1,14,1,6,"traj0"
"876",6085505305,1,1,13,3,"traj0"
"877",6085505401,9,9,9,0,"traj0"
"878",6085505402,1,13,13,3,"traj0"
"879",6085505403,9,9,15,2.63,"traj0"
"880",6085505500,1,13,13,3,"traj0"
"881",6085505600,7,7,15,3,"traj0"
"882",6085505700,15,7,15,6,"traj0"
"883",6085505800,1,1,1,0,"traj0"
"884",6085505900,13,8,1,5.31,"traj0"
"885",6085506000,1,8,1,4.62,"traj0"
"886",6085506101,8,1,14,5.31,"traj0"
"887",6085506102,1,8,8,2.31,"traj0"
"888",6085506103,1,14,14,3,"traj0"
"889",6085506202,1,8,9,5.31,"traj0"
"890",6085506203,9,9,9,0,"traj0"
"891",6085506204,1,13,9,5.63,"traj0"
"892",6085506301,15,1,6,5.31,"traj0"
"893",6085506302,1,1,1,0,"traj0"
"894",6085506304,15,6,6,3,"traj0"
"895",6085506305,6,6,6,0,"traj0"
"896",6085506401,15,1,1,3,"traj0"
"897",6085506402,15,6,13,6,"traj0"
"898",6085506501,6,6,6,0,"traj0"
"899",6085506502,13,15,15,1.96,"traj0"
"900",6085506503,15,8,8,3,"traj0"
"901",6085506601,13,1,1,3,"traj0"
"902",6085506603,8,14,1,6,"traj0"
"903",6085506604,1,14,8,6,"traj0"
"904",6085506605,13,1,13,6,"traj0"
"905",6085506606,13,1,1,3,"traj0"
"906",6085506701,1,1,8,2.31,"traj0"
"907",6085506702,13,1,1,3,"traj0"
"908",6085506703,13,8,1,5.31,"traj0"
"909",6085506801,1,1,1,0,"traj0"
"910",6085506802,1,1,1,0,"traj0"
"911",6085506803,1,1,1,0,"traj0"
"912",6085506804,1,1,1,0,"traj0"
"913",6085506900,1,1,1,0,"traj0"
"914",6085507001,1,1,1,0,"traj0"
"915",6085507002,1,1,1,0,"traj0"
"916",6085507100,1,1,1,0,"traj0"
"917",6085507203,1,1,1,0,"traj0"
"918",6085507205,8,1,1,2.31,"traj0"
"919",6085507206,8,1,1,2.31,"traj0"
"920",6085507301,1,1,14,3,"traj0"
"921",6085507302,1,1,1,0,"traj0"
"922",6085507401,14,14,14,0,"traj0"
"923",6085507402,8,14,14,3,"traj0"
"924",6085507500,14,14,14,0,"traj0"
"925",6085507600,1,14,14,3,"traj0"
"926",6085507701,14,14,14,0,"traj0"
"927",6085507702,14,14,14,0,"traj0"
"928",6085507703,8,14,9,5.63,"traj0"
"929",6085507805,9,9,9,0,"traj0"
"930",6085507806,9,9,9,0,"traj0"
"931",6085507807,14,9,9,2.63,"traj0"
"932",6085507808,14,14,14,0,"traj0"
"933",6085507903,14,14,14,0,"traj0"
"934",6085507904,14,14,14,0,"traj0"
"935",6085507905,9,9,9,0,"traj0"
"936",6085507906,14,14,14,0,"traj0"
"937",6085508001,9,9,9,0,"traj0"
"938",6085508101,9,9,9,0,"traj0"
"939",6085508102,9,9,9,0,"traj0"
"940",6085508202,1,14,14,3,"traj0"
"941",6085508203,8,14,9,5.63,"traj0"
"942",6085508204,9,14,9,5.26,"traj0"
"943",6085508301,8,14,14,3,"traj0"
"944",6085508303,1,1,14,3,"traj0"
"945",6085508304,9,9,9,0,"traj0"
"946",6085508401,1,8,14,5.31,"traj0"
"947",6085508403,8,14,14,3,"traj0"
"948",6085508404,1,8,1,4.62,"traj0"
"949",6085508503,9,9,9,0,"traj0"
"950",6085508504,9,9,9,0,"traj0"
"951",6085508505,9,8,1,5.31,"traj0"
"952",6085508601,1,14,14,3,"traj0"
"953",6085508602,9,1,1,3,"traj0"
"954",6085508703,9,9,9,0,"traj0"
"955",6085508704,9,9,15,2.63,"traj0"
"956",6085508800,6,6,6,0,"traj0"
"957",6085508900,9,13,13,2.63,"traj0"
"958",6085509000,6,6,6,0,"traj0"
"959",6085509102,9,9,9,0,"traj0"
"960",6085509105,9,1,15,6,"traj0"
"961",6085509106,15,9,1,5.63,"traj0"
"962",6085509107,15,15,15,0,"traj0"
"963",6085509108,15,15,15,0,"traj0"
"964",6085509109,9,1,1,3,"traj0"
"965",6085509201,9,1,1,3,"traj0"
"966",6085509202,9,1,1,3,"traj0"
"967",6085509302,1,7,14,5.31,"traj0"
"968",6085509303,9,15,15,2.63,"traj0"
"969",6085509304,9,1,1,3,"traj0"
"970",6085509401,9,7,7,3,"traj2"
"971",6085509403,15,15,15,0,"traj0"
"972",6085509404,9,15,15,2.63,"traj0"
"973",6085509500,9,15,15,2.63,"traj0"
"974",6085509600,9,7,1,5.31,"traj0"
"975",6085509700,9,1,1,3,"traj0"
"976",6085509801,1,7,7,2.31,"traj2"
"977",6085509802,1,1,14,3,"traj0"
"978",6085509901,1,1,1,0,"traj0"
"979",6085509902,8,1,1,2.31,"traj0"
"980",6085510001,1,1,14,3,"traj0"
"981",6085510002,1,1,1,0,"traj0"
"982",6085510100,1,1,1,0,"traj0"
"983",6085510200,1,1,14,3,"traj0"
"984",6085510300,1,1,1,0,"traj0"
"985",6085510400,1,1,1,0,"traj0"
"986",6085510500,1,1,1,0,"traj0"
"987",6085510600,1,7,7,2.31,"traj2"
"988",6085510700,9,7,1,5.31,"traj0"
"989",6085510801,1,14,14,3,"traj0"
"990",6085510802,1,1,1,0,"traj0"
"991",6085510803,1,7,7,2.31,"traj2"
"992",6085510900,1,1,7,2.31,"traj2"
"993",6085511000,1,7,7,2.31,"traj2"
"994",6085511100,1,1,1,0,"traj0"
"995",6085511200,1,1,1,0,"traj0"
"996",6085511400,1,1,1,0,"traj0"
"997",6085511500,1,7,7,2.31,"traj2"
"998",6085511701,1,1,1,0,"traj0"
"999",6085511702,1,1,1,0,"traj0"
"1000",6085511800,1,1,1,0,"traj0"
"1001",6085511905,8,1,8,4.62,"traj0"
"1002",6085511907,8,14,8,6,"traj0"
"1003",6085511909,14,14,14,0,"traj0"
"1004",6085511910,8,1,1,2.31,"traj0"
"1005",6085511911,8,8,8,0,"traj0"
"1006",6085511912,14,14,14,0,"traj0"
"1007",6085511913,8,1,1,2.31,"traj0"
"1008",6085511914,8,1,8,4.62,"traj0"
"1009",6085512001,8,8,8,0,"traj0"
"1010",6085512005,8,8,1,2.31,"traj0"
"1011",6085512017,6,13,13,3,"traj0"
"1012",6085512019,8,8,8,0,"traj0"
"1013",6085512020,9,6,6,3,"traj0"
"1014",6085512021,8,8,8,0,"traj0"
"1015",6085512022,6,6,6,0,"traj0"
"1016",6085512023,6,6,6,0,"traj0"
"1017",6085512024,8,8,8,0,"traj0"
"1018",6085512026,8,8,8,0,"traj0"
"1019",6085512027,15,8,8,3,"traj0"
"1020",6085512029,8,1,1,2.31,"traj0"
"1021",6085512030,8,1,1,2.31,"traj0"
"1022",6085512031,8,1,1,2.31,"traj0"
"1023",6085512032,8,13,1,6,"traj0"
"1024",6085512033,8,8,8,0,"traj0"
"1025",6085512034,8,8,8,0,"traj0"
"1026",6085512035,8,8,1,2.31,"traj0"
"1027",6085512100,13,1,13,6,"traj0"
"1028",6085512200,8,8,8,0,"traj0"
"1029",6085512305,8,8,1,2.31,"traj0"
"1030",6085512307,8,8,1,2.31,"traj0"
"1031",6085512308,8,8,8,0,"traj0"
"1032",6085512309,8,8,8,0,"traj0"
"1033",6085512401,13,13,13,0,"traj0"
"1034",6085512402,13,8,13,6,"traj0"
"1035",6085512503,8,8,8,0,"traj0"
"1036",6085512505,13,13,13,0,"traj0"
"1037",6085512506,13,13,13,0,"traj0"
"1038",6085512508,13,13,13,0,"traj0"
"1039",6085512602,13,13,13,0,"traj0"
"1040",6095250200,8,13,3,6,"traj0"
"1041",6095250300,8,13,3,6,"traj0"
"1042",6095250400,13,13,13,0,"traj0"
"1043",6095250501,8,6,8,4.28,"traj0"
"1044",6095250502,8,8,13,3,"traj0"
"1045",6095250601,8,13,3,6,"traj0"
"1046",6095250701,3,3,3,0,"traj0"
"1047",6095250900,3,3,3,0,"traj0"
"1048",6095251000,3,3,3,0,"traj0"
"1049",6095251100,3,6,6,2.31,"traj0"
"1050",6095251200,3,3,6,2.31,"traj0"
"1051",6095251300,8,1,13,5.31,"traj0"
"1052",6095251400,8,8,8,0,"traj0"
"1053",6095251500,3,3,3,0,"traj0"
"1054",6095251600,3,3,3,0,"traj0"
"1055",6095251701,3,3,3,0,"traj0"
"1056",6095251702,13,13,13,0,"traj0"
"1057",6095251802,6,6,6,0,"traj0"
"1058",6095251803,13,3,13,6,"traj0"
"1059",6095251804,9,13,13,2.63,"traj0"
"1060",6095251901,13,15,3,4.96,"traj0"
"1061",6095251902,13,13,13,0,"traj0"
"1062",6095251903,13,13,13,0,"traj0"
"1063",6095252000,1,1,1,0,"traj0"
"1064",6095252102,13,8,8,3,"traj0"
"1065",6095252103,8,13,13,3,"traj0"
"1066",6095252104,8,8,1,2.31,"traj0"
"1067",6095252106,8,8,8,0,"traj0"
"1068",6095252107,8,8,1,2.31,"traj0"
"1069",6095252108,8,8,1,2.31,"traj0"
"1070",6095252201,8,8,14,3,"traj0"
"1071",6095252202,8,8,13,3,"traj0"
"1072",6095252305,8,8,8,0,"traj0"
"1073",6095252306,8,8,8,0,"traj0"
"1074",6095252401,13,6,6,3,"traj0"
"1075",6095252402,6,3,3,2.31,"traj0"
"1076",6095252501,13,6,6,3,"traj0"
"1077",6095252502,3,3,3,0,"traj0"
"1078",6095252604,6,3,3,2.31,"traj0"
"1079",6095252605,6,3,6,4.62,"traj0"
"1080",6095252606,3,6,6,2.31,"traj0"
"1081",6095252607,3,6,6,2.31,"traj0"
"1082",6095252608,6,3,3,2.31,"traj0"
"1083",6095252702,8,13,13,3,"traj0"
"1084",6095252703,8,13,13,3,"traj0"
"1085",6095252704,8,13,3,6,"traj0"
"1086",6095252705,8,13,13,3,"traj0"
"1087",6095252706,8,8,13,3,"traj0"
"1088",6095252707,8,3,3,2.31,"traj0"
"1089",6095252903,13,8,8,3,"traj0"
"1090",6095252904,13,8,8,3,"traj0"
"1091",6095252908,8,8,8,0,"traj0"
"1092",6095252909,8,8,8,0,"traj0"
"1093",6095252910,8,13,8,6,"traj0"
"1094",6095253101,13,8,8,3,"traj0"
"1095",6095253105,8,15,15,3,"traj0"
"1096",6095253106,8,8,8,0,"traj0"
"1097",6095253107,8,8,8,0,"traj0"
"1098",6095253108,8,13,13,3,"traj0"
"1099",6095253201,8,8,8,0,"traj0"
"1100",6095253203,13,13,13,0,"traj0"
"1101",6095253300,13,8,13,6,"traj0"
"1102",6095253402,13,13,13,0,"traj0"
"1103",6095253500,13,8,8,3,"traj0"
"1104",6097150100,1,13,1,6,"traj0"
"1105",6097150202,1,1,8,2.31,"traj0"
"1106",6097150303,1,1,1,0,"traj0"
"1107",6097150304,13,13,13,0,"traj0"
"1108",6097150500,13,8,1,5.31,"traj0"
"1109",6097150601,13,13,13,0,"traj0"
"1110",6097150602,8,8,8,0,"traj0"
"1111",6097150603,13,1,8,5.31,"traj0"
"1112",6097150701,13,13,15,1.96,"traj0"
"1113",6097150702,8,8,8,0,"traj0"
"1114",6097150800,1,1,13,3,"traj0"
"1115",6097150901,13,13,13,0,"traj0"
"1116",6097150902,1,1,8,2.31,"traj0"
"1117",6097151000,1,1,8,2.31,"traj0"
"1118",6097151100,13,8,8,3,"traj0"
"1119",6097151201,13,8,8,3,"traj0"
"1120",6097151203,13,8,8,3,"traj0"
"1121",6097151204,13,8,8,3,"traj0"
"1122",6097151301,13,8,6,5.14,"traj0"
"1123",6097151305,6,6,6,0,"traj0"
"1124",6097151306,13,8,8,3,"traj0"
"1125",6097151307,8,8,8,0,"traj0"
"1126",6097151308,13,8,8,3,"traj0"
"1127",6097151309,8,8,8,0,"traj0"
"1128",6097151310,8,8,8,0,"traj0"
"1129",6097151311,8,15,8,6,"traj0"
"1130",6097151401,13,13,13,0,"traj0"
"1131",6097151402,6,6,6,0,"traj0"
"1132",6097151502,13,13,13,0,"traj0"
"1133",6097151503,8,1,1,2.31,"traj0"
"1134",6097151504,8,8,8,0,"traj0"
"1135",6097151700,13,13,13,0,"traj0"
"1136",6097151800,1,13,13,3,"traj0"
"1137",6097151900,13,13,6,3,"traj0"
"1138",6097152000,2,2,2,0,"traj0"
"1139",6097152100,13,13,13,0,"traj0"
"1140",6097152201,13,13,13,0,"traj0"
"1141",6097152202,13,8,8,3,"traj0"
"1142",6097152203,13,13,1,3,"traj0"
"1143",6097152300,1,1,1,0,"traj0"
"1144",6097152400,8,1,1,2.31,"traj0"
"1145",6097152501,13,13,8,3,"traj0"
"1146",6097152502,13,8,8,3,"traj0"
"1147",6097152600,8,8,8,0,"traj0"
"1148",6097152701,13,8,8,3,"traj0"
"1149",6097152702,13,13,8,3,"traj0"
"1150",6097152801,8,8,8,0,"traj0"
"1151",6097152802,6,6,6,0,"traj0"
"1152",6097152903,13,6,13,6,"traj0"
"1153",6097152904,8,8,8,0,"traj0"
"1154",6097153001,13,6,6,3,"traj0"
"1155",6097153002,13,6,6,3,"traj0"
"1156",6097153003,13,6,6,3,"traj0"
"1157",6097153005,8,8,8,0,"traj0"
"1158",6097153006,13,8,8,3,"traj0"
"1159",6097153102,13,6,6,3,"traj0"
"1160",6097153200,13,13,13,0,"traj0"
"1161",6097153300,13,13,13,0,"traj0"
"1162",6097153401,13,13,8,3,"traj0"
"1163",6097153403,1,13,8,6,"traj0"
"1164",6097153404,13,8,1,5.31,"traj0"
"1165",6097153501,1,8,8,2.31,"traj0"
"1166",6097153502,13,8,1,5.31,"traj0"
"1167",6097153600,13,8,8,3,"traj0"
"1168",6097153703,13,1,1,3,"traj0"
"1169",6097153704,13,1,1,3,"traj0"
"1170",6097153705,1,13,1,6,"traj0"
"1171",6097153706,1,1,1,0,"traj0"
"1172",6097153801,13,13,8,3,"traj0"
"1173",6097153901,13,13,13,0,"traj0"
"1174",6097153902,13,13,13,0,"traj0"
"1175",6097153903,1,13,13,3,"traj0"
"1176",6097154000,13,1,8,5.31,"traj0"
"1177",6097154100,13,13,8,3,"traj0"
"1178",6097154302,13,1,1,3,"traj0"
